sample,period,perk,perk_label,status,detail,nobs,ai_wage_postings,beta1_ai_role,beta1_se,beta1_pvalue,beta2_perk,beta2_se,beta2_pvalue,beta_perk_for_ai_role,beta_perk_for_ai_role_se,beta_perk_for_ai_role_lower_ci,beta_perk_for_ai_role_upper_ci,beta3_interaction,beta3_se,beta3_pvalue,beta3_lower_ci,beta3_upper_ci,beta_ai_role_with_perk,beta_ai_role_with_perk_se,beta_ai_role_with_perk_lower_ci,beta_ai_role_with_perk_upper_ci,r_squared
Full sample,Pooled 2018-2025,EDU_ASSISTANCE,Tuition Assistance,ok,,3515252,44721,0.27439636943694173,0.0022231324684924194,0.0,0.02716120381126444,0.0006558156915984428,0.0,-0.009395581766749296,0.005576012160146387,-0.020324565600636214,0.0015334020671376215,-0.036556785578013735,0.0056109664111427555,7.257414962678967e-11,-0.04755427974385354,-0.025559291412173935,0.237839583858928,0.005185631870648907,0.22767574539245614,0.24800342232539987,0.4455941547285076
Full sample,Pooled 2018-2025,PAID LEAVE,Paid Leave,ok,,3515252,44721,0.27656712089136015,0.0026595979138658286,0.0,-0.011768027187440798,0.0004504334531025972,1.8468504370072478e-150,-0.030077145803635484,0.004068437793034054,-0.03805128387798223,-0.02210300772928874,-0.018309118616194685,0.00409065452202404,7.611116647159968e-06,-0.026326801479361804,-0.010291435753027565,0.2582580022751655,0.003167253521313209,0.2520501853733916,0.2644658191769394,0.44548644773839796
Full sample,Pooled 2018-2025,HEALTH_WELLBEING,Health and Wellbeing,ok,,3515252,44721,0.26921856091545693,0.0021726671290569167,0.0,0.026527488991110352,0.0008258925777208026,2.3345626478837966e-226,0.031081735034895933,0.006501570663091889,0.01833865653523583,0.043824813534556036,0.0045542460437855824,0.006550061284637061,0.4868684207739813,-0.008283874074103057,0.017392366161674222,0.2737728069592425,0.0062093064234786345,0.26160256636922435,0.28594304754926064,0.4455147859163804
Full sample,Pooled 2018-2025,PARENTAL_LEAVE,Parental Leave,ok,,3515252,44721,0.26489884633622945,0.0022486448194521578,0.0,0.0666197021451113,0.0008764668755503497,0.0,0.08332775638822738,0.005273948466911697,0.07299081739308046,0.09366469538337431,0.016708054243116083,0.005341550527421583,0.0017603558773423755,0.006238615209369781,0.027177493276862384,0.28160690057934556,0.004882041659543586,0.27203809892664016,0.29117570223205097,0.4462417431027391
Full sample,Pooled 2018-2025,CULTURE,Inclusive Workplace,ok,,3515252,44721,0.25843466427983386,0.002393584963078745,0.0,0.058984644005195784,0.0007544612814817731,0.0,0.08547967779160869,0.004432981875306681,0.07679103331600759,0.09416832226720978,0.0264950337864129,0.004492324037715968,3.682782228245111e-09,0.017690078672489604,0.0352999889003362,0.28492969806624674,0.003849655803961386,0.27738437269048244,0.29247502344201104,0.44638258220158533
Full sample,Pooled 2018-2025,REMOTE_KW,Remote Work,ok,,3515252,44721,0.29208492361019056,0.002345286210827704,0.0,0.16447776569907008,0.0008919170798614121,0.0,0.02441840060008324,0.004618339074572355,0.015366456013921424,0.03347034518624506,-0.14005936509898684,0.004697750186480343,2.5621094763781197e-195,-0.14926695546448832,-0.13085177473348536,0.15202555851120372,0.00410775564544365,0.14397435744613418,0.16007675957627326,0.45150525497342964
Full sample,Through 2022,EDU_ASSISTANCE,Tuition Assistance,ok,,1720532,11186,0.2186962990527149,0.00420903413589207,0.0,0.026364668189170125,0.001061793322021527,4.219427110074554e-136,0.00332957048514523,0.013541563642995347,-0.02321189425512565,0.02987103522541611,-0.023035097704024895,0.013579197028135313,0.08981924281719518,-0.04965032387917011,0.0035801284711203182,0.19566120134869,0.012930790980729202,0.17031685102646077,0.22100555167091923,0.3598135042072921
Full sample,Through 2022,PAID LEAVE,Paid Leave,ok,,1720532,11186,0.23155604633079396,0.004894808504731902,0.0,-0.013527558348566181,0.0006543577469389803,6.058845971643799e-95,-0.06082159981505471,0.008425229318284535,-0.0773350492788924,-0.04430815035121702,-0.04729404146648852,0.008446739625782827,2.154819598682882e-08,-0.06384965113302286,-0.030738431799954183,0.18426200486430544,0.006918608464061218,0.17070153227474547,0.19782247745386541,0.35979609337958207
Full sample,Through 2022,HEALTH_WELLBEING,Health and Wellbeing,ok,,1720532,11186,0.2169024251329121,0.00418036778590597,0.0,0.012446782724955124,0.0013707711544275036,1.0844347261884271e-19,0.007652036222302244,0.014370080728998083,-0.020513322006534,0.03581739445113849,-0.004794746502652879,0.014429156465468617,0.7396659941231181,-0.033075893174971366,0.02348640016966561,0.21210767863025923,0.013832257289130867,0.18499645434356274,0.23921890291695572,0.3596577227393678
Full sample,Through 2022,PARENTAL_LEAVE,Parental Leave,ok,,1720532,11186,0.21557941553911816,0.004161332310933235,0.0,0.04398032028741067,0.0017196645399196572,2.899404637911206e-144,0.0483958664847156,0.015675259855527385,0.017672357167881923,0.07911937580154926,0.004415546197304925,0.015765959143398543,0.7794250647630973,-0.02648573372375622,0.03531682611836607,0.21999496173642308,0.015221600162656695,0.19016062541761597,0.2498292980552302,0.359854918197396
Full sample,Through 2022,CULTURE,Inclusive Workplace,ok,,1720532,11186,0.21673662351110748,0.0044463513799243215,0.0,0.036554167176148844,0.0012845976398918805,4.138817909262831e-178,0.024231784954735824,0.010093728860520795,0.004448076388115067,0.044015493521356586,-0.012322382221413021,0.010167044230217278,0.22551521893642779,-0.03224978891263888,0.007605024469812842,0.20441424128969446,0.00917375043947734,0.18643369042831887,0.22239479215107005,0.3599095957424009
Full sample,Through 2022,REMOTE_KW,Remote Work,ok,,1720532,11186,0.22147636799664616,0.004490235566654402,0.0,0.20835243209717,0.0014058770238976506,0.0,0.11580143144819517,0.009520220460416682,0.09714179934577848,0.13446106355061188,-0.09255100064897483,0.009613151207813359,6.117629640337404e-22,-0.11139277701628901,-0.07370922428166064,0.12892536734767135,0.008523121066759254,0.11222005005682321,0.1456306846385195,0.3696086290474735
Full sample,Post-2022,EDU_ASSISTANCE,Tuition Assistance,ok,,1794720,33535,0.2809964431263698,0.0026073762765823137,0.0,0.0234627802270169,0.0008334177032431855,2.2342090085820387e-174,-0.02312094179621379,0.006141987388076716,-0.03515923707684415,-0.011082646515583425,-0.04658372202323069,0.006192278653509705,5.358572593016584e-14,-0.05872058818410971,-0.03444685586235167,0.2344127211031391,0.0056668631308975205,0.22330566936657997,0.24551977283969822,0.4596877842935687
Full sample,Post-2022,PAID LEAVE,Paid Leave,ok,,1794720,33535,0.28165290543603094,0.003159306255996871,0.0,-0.011150303577306233,0.0006203695807174859,3.1341926576348153e-72,-0.02960999561898378,0.004643750239746904,-0.038711746088887715,-0.020508245149079847,-0.01845969204167755,0.004680889196702442,8.025766899555837e-05,-0.027634234867214336,-0.009285149216140763,0.2631932133943534,0.0035442607430006432,0.25624646233807213,0.2701399644506347,0.45959565133858293
Full sample,Post-2022,HEALTH_WELLBEING,Health and Wellbeing,ok,,1794720,33535,0.2746163874325421,0.0025348677536350395,0.0,0.033557549689008107,0.0010445170954309366,1.831193715658515e-226,0.030199386813564592,0.007226434670781505,0.016035574858832842,0.04436319876829634,-0.003358162875443514,0.007296657988817992,0.6453489787911931,-0.017659612533526776,0.01094328678263975,0.2712582245570986,0.006887811296598575,0.25775811441576535,0.2847583346984318,0.45976363697589817
Full sample,Post-2022,PARENTAL_LEAVE,Parental Leave,ok,,1794720,33535,0.2734037848349058,0.002660794095690106,0.0,0.07438138021991683,0.001025778610791014,0.0,0.06772034042171507,0.0056653712758963064,0.056616212720958306,0.07882446812247183,-0.006661039798201769,0.005753125632328252,0.24694063018289514,-0.017937166037565143,0.004615086441161605,0.26674274503670403,0.005158934417736718,0.25663123357794004,0.276854256495468,0.4609858514349271
Full sample,Post-2022,CULTURE,Inclusive Workplace,ok,,1794720,33535,0.2637380183916494,0.0028362979175155425,0.0,0.0669627108121639,0.0009293135102251631,0.0,0.08619580594808494,0.004921778030590129,0.07654912100812829,0.0958424908880416,0.019233095135921044,0.005004196024351044,0.00012134460494841033,0.009424870928192998,0.02904131934364909,0.28297111352757043,0.0041980072422872,0.2747430193326875,0.29119920772245333,0.46119086272947085
Full sample,Post-2022,REMOTE_KW,Remote Work,ok,,1794720,33535,0.299268224248876,0.0027266226443291,0.0,0.12838574823611199,0.001141389627422683,0.0,-0.0033625846508061052,0.005286975257808047,-0.013725056156109876,0.006999886854497666,-0.1317483328869181,0.005400042199079003,1.8113337691683802e-131,-0.14233241559711293,-0.12116425017672325,0.1675198913619579,0.004716785134130091,0.15827499249906293,0.1767647902248529,0.46359247661752156
Full sample,2018,EDU_ASSISTANCE,Tuition Assistance,ok,,167707,1095,0.2508012652974853,0.013695997076745422,6.63711972495824e-75,0.0678393751536427,0.004413464078189126,2.5616743042234654e-53,0.09691731436198428,0.07660807031669344,-0.053234503458734844,0.2470691321827034,0.02907793920834158,0.07665652887798177,0.7044445864302984,-0.1211688573925027,0.17932473580918587,0.2798792045058269,0.07549837499796205,0.13190238950982125,0.4278560195018325,0.3148525162209267
Full sample,2018,PAID LEAVE,Paid Leave,ok,,167707,1095,0.26698302397187307,0.014664093201381425,4.576356551398457e-74,0.023142462055209017,0.002888536491652874,1.1301441814105615e-15,-0.07560202490545882,0.03692630147279942,-0.14797757579214568,-0.003226474018771963,-0.09874448696066784,0.037017192160499895,0.007641096653630091,-0.17129818359524762,-0.02619079032608805,0.16823853701120522,0.03403784283663456,0.10152436505140149,0.23495270897100895,0.3144073800957017
Full sample,2018,HEALTH_WELLBEING,Health and Wellbeing,ok,,167707,1095,0.2503373962910883,0.01370974910491765,1.72895777227548e-74,-0.005753747123593948,0.005572679555058561,0.30184168800362,0.019936904271780714,0.08122855305874553,-0.1392710597233605,0.17914486826692194,0.025690651395374662,0.08141876215028253,0.7523537815497543,-0.13389012241917908,0.1852714252099284,0.276028047686463,0.0802887418440417,0.11866211367214127,0.4333939817007847,0.31415093878677136
Full sample,2018,PARENTAL_LEAVE,Parental Leave,ok,,167707,1095,0.24915628601820047,0.013570626566061223,2.747628514308381e-75,-0.00434538610773391,0.015160943933418181,0.7744055032562133,0.1307749783326192,0.1319692500020009,-0.1278847516713026,0.389434708336541,0.1351203644403531,0.13283178598510897,0.3090444330791827,-0.1252299360904605,0.3954706649711667,0.3842766504585536,0.13214680630021253,0.12526891011013702,0.6432843908069701,0.3141529490889966
Full sample,2018,CULTURE,Inclusive Workplace,ok,,167707,1095,0.24560282374203665,0.01390529388003251,8.148721210675084e-70,0.034345496281752506,0.005608704411875297,9.14809166353496e-10,0.10909996913972403,0.056179412468329866,-0.0010116792982025058,0.21921161757765056,0.07475447285797153,0.05645147521873846,0.18542822399579073,-0.03589041857075585,0.1853993642866989,0.32035729660000817,0.05476848089446773,0.21301107404685143,0.4277035191531649,0.3142834425430321
Full sample,2018,REMOTE_KW,Remote Work,ok,,167707,1095,0.25867435978148723,0.013620518390898197,2.0043838412195326e-80,0.18171995218498432,0.006116661147496672,5.873640844006579e-194,0.08331534687087652,0.08073613576758638,-0.07492747923359278,0.24155817297534582,-0.0984046053141078,0.08093634830281606,0.2240507946097029,-0.25703984798762725,0.06023063735941167,0.16026975446737943,0.07978542778825617,0.003890316002397337,0.3166491929323615,0.31819935589271453
Full sample,2019,EDU_ASSISTANCE,Tuition Assistance,ok,,270706,1562,0.22148577073739636,0.011625715107836476,6.400809243394474e-81,0.04428137094473257,0.0032456552282006737,2.2138654773708307e-42,-0.06967888680804478,0.04599877711449394,-0.15983648995245292,0.020478716336363348,-0.11396025775277735,0.04610527170641578,0.013445715566404885,-0.20432659029735228,-0.023593925208202415,0.10752551298461901,0.044621933551453,0.020066523223771143,0.1949845027454669,0.32889576677183996
Full sample,2019,PAID LEAVE,Paid Leave,ok,,270706,1562,0.23452012853783066,0.012841402563370984,1.6364029679937234e-74,-0.012754581478515659,0.0018882702201980666,1.4319247950272898e-11,-0.10021409956522065,0.026554012384073903,-0.1522599638380055,-0.0481682352924358,-0.08745951808670499,0.02660728704739071,0.0010124238038701295,-0.13960980069959078,-0.0353092354738192,0.14706061045112567,0.02332877139211616,0.101336218522578,0.19278500237967333,0.32867458085716106
Full sample,2019,HEALTH_WELLBEING,Health and Wellbeing,ok,,270706,1562,0.21751145619702542,0.011582222952010768,1.105627698836683e-78,-0.001063603190244071,0.004098783882455963,0.7952553595724671,-0.03399304093549372,0.053259110880181426,-0.1383808982606493,0.07039481638966189,-0.032929437745249646,0.053417594544737844,0.5375955661898413,-0.1376279230529358,0.07176904756243653,0.18458201845177577,0.05216768782920078,0.08233335030654224,0.2868306865970093,0.32854314557227826
Full sample,2019,PARENTAL_LEAVE,Parental Leave,ok,,270706,1562,0.21828042752116017,0.011462938370539162,7.614676073821199e-81,0.01839915007979601,0.005840308744580234,0.0016306221939956737,-0.08851567866721433,0.06642873360413408,-0.21871599653131713,0.04168463919688847,-0.10691482874701033,0.06668249546013011,0.1088592244667088,-0.23761251984886533,0.02378286235484467,0.11136559877414984,0.0656982068180989,-0.017402886589324013,0.2401340841376237,0.3285639923799305
Full sample,2019,CULTURE,Inclusive Workplace,ok,,270706,1562,0.21772061232040205,0.011814110842945326,7.708832773617933e-76,0.0393494726240879,0.0040296615962323945,1.5917935907541025e-22,0.007277858029121141,0.04045559693536139,-0.07201511196418717,0.08657082802242946,-0.03207161459496676,0.04064883268065124,0.43011652700076475,-0.11174332664904318,0.04760009745910967,0.18564899772543528,0.038922815403455775,0.10936027953466196,0.2619377159162086,0.3287361246088639
Full sample,2019,REMOTE_KW,Remote Work,ok,,270706,1562,0.22096280015276204,0.011888659563603854,4.1703833692269614e-77,0.25371496308464897,0.004256505235564515,0.0,0.14713248359965037,0.03596828558897748,0.07663464384525451,0.21763032335404622,-0.10658247948499859,0.03616787690433835,0.003209952659222604,-0.17747151821750173,-0.035693440752495434,0.11438032066776345,0.0341610501422944,0.04742466238886643,0.18133597894666048,0.33889728181984646
Full sample,2020,EDU_ASSISTANCE,Tuition Assistance,ok,,306937,1377,0.2049184292275054,0.012244928715453634,7.290239525815729e-63,0.02122166740620917,0.002728958437047964,7.457539770187102e-15,0.019067835730988116,0.039772819799299634,-0.058886891075639165,0.0970225625376154,-0.002153831675221055,0.03985639851846557,0.9569034573254308,-0.08027237277141357,0.07596470942097146,0.20276459755228432,0.03797302904808481,0.12833746061803808,0.27719173448653056,0.32224415336877343
Full sample,2020,PAID LEAVE,Paid Leave,ok,,306937,1377,0.23396434135134891,0.01418467697891003,4.041363102584798e-61,-0.021324771763619955,0.00152213067969362,1.3575497085765175e-44,-0.12145698292150985,0.02442931266380064,-0.1693384357425591,-0.07357553010046058,-0.1001322111578899,0.024469646236470077,4.2748634503224455e-05,-0.14809271778137123,-0.052171704534408544,0.13383213019345902,0.019999456454361634,0.09463319554291022,0.17303106484400782,0.32257337634655736
Full sample,2020,HEALTH_WELLBEING,Health and Wellbeing,ok,,306937,1377,0.20671426272527657,0.011978155962337967,9.809908310743411e-67,0.013035248916901792,0.0031685124984703133,3.8886755162492265e-05,-0.04036762850184699,0.05641040000008184,-0.15093201250200738,0.07019675549831342,-0.05340287741874878,0.05650181334459831,0.3445805984948431,-0.16414643157416148,0.05734067673666391,0.1533113853065278,0.05524534461731251,0.04503050985659528,0.2615922607564603,0.3221693922565366
Full sample,2020,PARENTAL_LEAVE,Parental Leave,ok,,306937,1377,0.2077881074824928,0.01201743802690891,5.542140610111167e-67,0.020585039577549393,0.004377112903662751,2.5651637980715707e-06,-0.04950162250815522,0.0540917113420173,-0.15552137673850913,0.056518131722198675,-0.07008666208570462,0.05426561839123776,0.19651365063148274,-0.17644727413253064,0.03627394996112139,0.1377014453967882,0.05294742875642295,0.03392448503419922,0.24147840575937718,0.3221824619080301
Full sample,2020,CULTURE,Inclusive Workplace,ok,,306937,1377,0.2120820938278108,0.012471405892737597,7.480541716848298e-65,0.020422241564732144,0.0037472268229155957,5.038075183299099e-08,-0.065166661996218,0.034451988521161686,-0.1326925594976949,0.0023592355052589054,-0.08558890356095014,0.03464044361737961,0.013481885768288881,-0.1534841730510142,-0.017693634070886102,0.12649319026686065,0.03237205290756501,0.06304396656803324,0.18994241396568806,0.32220250152246077
Full sample,2020,REMOTE_KW,Remote Work,ok,,306937,1377,0.2196879562029397,0.01245996509042656,1.4115516436710228e-69,0.24716809963422048,0.0034166127452606608,0.0,0.09943501429931453,0.033753774365538766,0.03327761654285856,0.16559241205577052,-0.14773308533490595,0.033915754298581846,1.3253106290554613e-05,-0.21420796376012635,-0.08125820690968553,0.07195487086803376,0.03157634210236012,0.010065240347407925,0.1338445013886596,0.3376578432113584
Full sample,2021,EDU_ASSISTANCE,Tuition Assistance,ok,,439011,2718,0.20185279754284405,0.008446410505748536,3.2085907137259744e-126,0.022735861764247408,0.0020119231952049894,1.303816882660516e-29,0.011583167670845584,0.02703154121714349,-0.04139865311475566,0.06456498845644683,-0.011152694093401824,0.027102665368596665,0.6807073669179682,-0.06427391821585128,0.041968530029047636,0.19070010344944222,0.02578834954071408,0.14015493834964263,0.2412452685492418,0.36494346114236986
Full sample,2021,PAID LEAVE,Paid Leave,ok,,439011,2718,0.2217122820987445,0.010048699380925692,7.044494404522783e-108,-0.015563022819339906,0.0012124743246924887,1.0339072385434414e-37,-0.0799231598609672,0.016469464777864748,-0.1122033108255821,-0.04764300889635229,-0.06436013704162728,0.016510557923208182,9.69423531697563e-05,-0.09672083057111533,-0.03199944351213924,0.1573521450571172,0.013179125284347983,0.13152105949979515,0.18318323061443925,0.36504388201893634
Full sample,2021,HEALTH_WELLBEING,Health and Wellbeing,ok,,439011,2718,0.1973601174068758,0.008440166702366757,6.300082449064827e-121,0.00879340433762249,0.0025689136927465077,0.0006193294494830661,0.05532354659965551,0.026148823196377104,0.004071853134756387,0.10657524006455463,0.04653014226203302,0.026251101698120945,0.07631118778777038,-0.004922017066284035,0.09798230159035007,0.24389025966890882,0.02490725292612239,0.19507204393370894,0.2927084754041087,0.3648094925625641
Full sample,2021,PARENTAL_LEAVE,Parental Leave,ok,,439011,2718,0.20466434398798908,0.008462257969855166,3.1577782380784905e-129,0.051698752591456794,0.003192428921130286,5.543623075528181e-59,-0.010478617837231814,0.027348918611256174,-0.06408249831529392,0.04312526264083029,-0.06217737042868861,0.027530981769697555,0.023917562711652338,-0.11613809469729582,-0.0082166461600814,0.14248697355930046,0.026222893767562854,0.09109010177487727,0.19388384534372366,0.36516334440797416
Full sample,2021,CULTURE,Inclusive Workplace,ok,,439011,2718,0.19899264069951417,0.008987127385165503,1.2468685579423426e-108,0.027082495748216907,0.002451487555543675,2.2572535378351776e-28,0.027085493732649145,0.01968964500026062,-0.011506210467861669,0.06567719793315996,2.997984432237344e-06,0.019829779450948125,0.9998793710495463,-0.03886336973942609,0.03886936570829056,0.1989956386839464,0.01774575259366988,0.16421396360035345,0.23377731376753935,0.3649551179536399
Full sample,2021,REMOTE_KW,Remote Work,ok,,439011,2718,0.20774668549291755,0.009161291512057556,7.630745152661256e-114,0.21317942096315098,0.00274950793346078,0.0,0.11338268762649883,0.018420780469970227,0.07727795790535719,0.14948741734764048,-0.09979673333665215,0.018605596898717214,8.148833703143143e-08,-0.13626370325813789,-0.06332976341516641,0.1079499521562654,0.016245823853139406,0.07610813740411218,0.13979176690841863,0.37633670920289497
Full sample,2022,EDU_ASSISTANCE,Tuition Assistance,ok,,536171,4434,0.21927971224760207,0.006553641814013537,1.8904119010893936e-245,0.013476763592428604,0.0016879420413550578,1.415066950379458e-15,-0.005897028753132019,0.01898674758949015,-0.043111054028532714,0.03131699652226867,-0.019373792345560623,0.01905397680806055,0.30925585579763404,-0.0567195868893593,0.017972002198238052,0.19990591990204143,0.017939229682025944,0.16474502972527058,0.23506681007881228,0.39434123613941663
Full sample,2022,PAID LEAVE,Paid Leave,ok,,536171,4434,0.22043135343740444,0.007788283402275093,3.1792298905174326e-176,-0.019924203552352953,0.0011022800392424116,4.9751254649305526e-73,-0.028968840316393615,0.01256142939562611,-0.0535892419318208,-0.004348438700966437,-0.009044636764040664,0.012603852163636345,0.4729984548872689,-0.0337481870047679,0.01565891347668657,0.21138671667336378,0.009990300369356166,0.1918057279494257,0.23096770539730188,0.3946427981798454
Full sample,2022,HEALTH_WELLBEING,Health and Wellbeing,ok,,536171,4434,0.21979305880166192,0.006512294405696198,1.0518948450753523e-249,0.018395895070072273,0.0023333268120929664,3.1712251828473044e-15,-0.016252899821020444,0.01941637749770672,-0.05430899971652561,0.02180320007448473,-0.03464879489109272,0.019531719672683037,0.07606717991187036,-0.07293096544955147,0.0036333756673660317,0.1851442639105692,0.01846326401753899,0.14895626643619278,0.22133226138494563,0.3943437374817662
Full sample,2022,PARENTAL_LEAVE,Parental Leave,ok,,536171,4434,0.21068667622657447,0.006443114348388179,1.587054540723005e-234,0.05130664548432064,0.0025282851327050357,1.480808833808762e-91,0.10802936741679375,0.02141041250644151,0.06606495890416839,0.14999377592941912,0.056722721932473116,0.021553653660068017,0.008495917521915829,0.014477560758739808,0.09896788310620643,0.2674093981590476,0.020598829260440085,0.22703569280858502,0.30778310350951016,0.39476208448823247
Full sample,2022,CULTURE,Inclusive Workplace,ok,,536171,4434,0.21935021296132534,0.007132609566221574,1.1097710940866201e-207,0.04886753226589518,0.001918786067871281,4.467754961044351e-143,0.027742268740557408,0.013881422771230048,0.0005346801089465142,0.0549498573721683,-0.02112526352533777,0.013999249574828601,0.13129155561407566,-0.048563792692001825,0.006313265641326286,0.19822494943598756,0.012110401506601124,0.17448856248304936,0.22196133638892576,0.39503866868075266
Full sample,2022,REMOTE_KW,Remote Work,ok,,536171,4434,0.21163674819945238,0.007272577931186633,3.522496297271584e-186,0.18020261621424435,0.002205549265516607,0.0,0.13870884303519812,0.012991369967269094,0.1132457578993507,0.16417192817104553,-0.04149377317904623,0.013153673602893603,0.001607520252340895,-0.06727497344071769,-0.015712572917374767,0.17014297502040615,0.011009465246929962,0.14856442313642343,0.19172152690438887,0.40304250034666567
Full sample,2023,EDU_ASSISTANCE,Tuition Assistance,ok,,541354,6061,0.24943472026749808,0.00600547500638326,0.0,0.024550531773256466,0.0015358907945796968,1.6373043004746312e-57,-0.02066640921154375,0.013700498925043804,-0.04751938710462961,0.006186568681542104,-0.04521694098480022,0.013783640143307649,0.0010363100721429166,-0.0722328756656832,-0.018201006303917227,0.20421777928269785,0.012461396421586106,0.17979344229638908,0.22864211626900663,0.4413750784635416
Full sample,2023,PAID LEAVE,Paid Leave,ok,,541354,6061,0.24394769676515335,0.0073186209573649266,1.3076797276394693e-243,-0.012951550150329916,0.0011085590663242172,1.5528128396701196e-31,-0.015354024245785044,0.010743566909757385,-0.03641141538890952,0.005703366897339432,-0.002402474095455128,0.010795915033446946,0.8238970593463493,-0.023562467561011144,0.018757519370100888,0.24154522266969822,0.008044170538022938,0.22577864841517326,0.2573117969242232,0.4412945840413921
Full sample,2023,HEALTH_WELLBEING,Health and Wellbeing,ok,,541354,6061,0.2387738228502744,0.005873744877619428,0.0,0.02381218864428533,0.0019809510783598172,2.7700702797989984e-33,0.05488021062592799,0.01506807339585244,0.025346786770057205,0.08441363448179877,0.031068021981642654,0.015187405245729254,0.04079142489297187,0.0013007077000133163,0.06083533626327199,0.26984184483191703,0.014074090997159682,0.24225662647748405,0.29742706318635004,0.4412979941111036
Full sample,2023,PARENTAL_LEAVE,Parental Leave,ok,,541354,6061,0.23159616955695786,0.006048727308584694,0.0,0.09115793578201897,0.0020780871644108328,0.0,0.12756144094738042,0.013142118234042766,0.1018028892086566,0.15331999268610425,0.03640350516536145,0.013297507966822372,0.006188580084680954,0.0103403895503896,0.0624666207803333,0.26799967472231934,0.01190058636806066,0.24467452544092044,0.29132482400371823,0.4432190025913998
Full sample,2023,CULTURE,Inclusive Workplace,ok,,541354,6061,0.24333682686827787,0.006453411111453888,0.0,0.06875744889591459,0.001738789924044773,0.0,0.055796865201533666,0.011586374367274136,0.03308757144167636,0.07850615896139097,-0.012960583694380929,0.011704828422279033,0.2681706258020945,-0.03590204740204783,0.009980880013285977,0.23037624317389693,0.009854940214170015,0.2110605603541237,0.24969192599367016,0.442909896187327
Full sample,2023,REMOTE_KW,Remote Work,ok,,541354,6061,0.26545470727265064,0.006274301598869436,0.0,0.13846916685981978,0.0020931160586347775,0.0,0.015523502752433735,0.012109524580429458,-0.008211165425208004,0.03925817093007547,-0.12294566410738604,0.012268024587905173,1.2246015082194282e-23,-0.14699099229968018,-0.0989003359150919,0.14250904316526458,0.010610614819151582,0.12171223811972748,0.16330584821080169,0.44612610829827526
Full sample,2024,EDU_ASSISTANCE,Tuition Assistance,ok,,584169,9361,0.270834713464358,0.004779259235667709,0.0,0.025078847500911435,0.0014477304083556342,3.161803351096546e-67,-0.0386118769110515,0.012269417962727503,-0.0626599361179974,-0.014563817704105596,-0.06369072441196294,0.01234766906369989,2.494454446679625e-07,-0.08789215577681472,-0.03948929304711116,0.20714398905239506,0.011461197038366297,0.1846800428571971,0.22960793524759301,0.45213211988235313
Full sample,2024,PAID LEAVE,Paid Leave,ok,,584169,9361,0.27310793943747913,0.005869759185287889,0.0,-0.011198367500329987,0.0010834718555330866,4.861912786439314e-25,-0.036568229217495654,0.008666881683815355,-0.05355531731777375,-0.01958114111721756,-0.025369861717165664,0.00872696081225711,0.003648347883314173,-0.0424747049091896,-0.008265018525141731,0.24773807772031348,0.006605574171011068,0.2347911523451318,0.2606850030954952,0.45200831951256537
Full sample,2024,HEALTH_WELLBEING,Health and Wellbeing,ok,,584169,9361,0.2617987971864512,0.004693209950465181,0.0,0.03704101012191312,0.0018450877793324994,1.2092574899812921e-89,0.04487457775286914,0.013950366966231507,0.017531858499055388,0.07221729700668289,0.007833567630956021,0.014060819276778158,0.5774452495519453,-0.019725638151529168,0.035392773413441214,0.2696323648174072,0.013321927202048419,0.24352138750139232,0.2957433421334221,0.45223858325257194
Full sample,2024,PARENTAL_LEAVE,Parental Leave,ok,,584169,9361,0.25919667212092984,0.004956959588753903,0.0,0.06666253526944235,0.0017490510626613075,0.0,0.0755039173611035,0.010461303965836626,0.05499976158806371,0.09600807313414328,0.008841382091661146,0.010598005370515692,0.40414032763867025,-0.01193070843454961,0.0296134726178719,0.26803805421259097,0.009470434503107143,0.24947600258650096,0.28660010583868095,0.4531726772661574
Full sample,2024,CULTURE,Inclusive Workplace,ok,,584169,9361,0.25507665049304656,0.005519083630511485,0.0,0.07075965503355763,0.001577062367325925,0.0,0.07351132500877683,0.008762403690287674,0.05633701377581299,0.09068563624174067,0.0027516699752191966,0.00889251074033258,0.7569892885781713,-0.014677651075832658,0.02018099102627105,0.25782832046826576,0.0071128199382427095,0.24388719338931006,0.2717694475472215,0.4538834395591481
Full sample,2024,REMOTE_KW,Remote Work,ok,,584169,9361,0.29330711737271015,0.005069633493421693,0.0,0.14224427505230017,0.0019833203661361095,0.0,-0.010807188841948007,0.00980488823685881,-0.030024769786191275,0.008410392102295262,-0.15305146389424817,0.009988460662220644,5.382389485824927e-53,-0.17262884679220064,-0.1334740809962957,0.14025565347846197,0.008709898556213359,0.12318425230828378,0.15732705464864016,0.4571605206485698
Full sample,2025,EDU_ASSISTANCE,Tuition Assistance,ok,,669197,18113,0.2928458481635583,0.0036406259880085792,0.0,0.021279952941984703,0.0013665620387505464,1.130188125954607e-54,-0.02121176549802766,0.008250441680246898,-0.03738263119131158,-0.005040899804743742,-0.042491718440012365,0.008340359151707154,3.492738795586916e-07,-0.05883882237735839,-0.026144614502666343,0.2503541297235459,0.007598637918018703,0.23546079940422926,0.2652474600428626,0.47286989241709454
Full sample,2025,PAID LEAVE,Paid Leave,ok,,669197,18113,0.293796246697701,0.004366709849377539,0.0,-0.009593677648781251,0.0010414876673093694,3.2155863925787877e-20,-0.028468728358607795,0.006381455246154262,-0.04097638064107015,-0.015961076076145442,-0.018875050709826546,0.006454182823174826,0.003450456267392458,-0.0315252490432492,-0.006224852376403887,0.27492119598787446,0.0049183655550053655,0.26528119950006396,0.28456119247568495,0.47279009861237786
Full sample,2025,HEALTH_WELLBEING,Health and Wellbeing,ok,,669197,18113,0.2886479575449325,0.0035095712772341458,0.0,0.03937310609550777,0.0016641037802010324,9.258543885483274e-124,0.018794173978484024,0.010153425385169534,-0.0011065397764482635,0.03869488773341631,-0.02057893211702375,0.010280506865564781,0.04531238478244895,-0.040728725573530716,-0.0004291386605167792,0.2680690254279087,0.009746663773054061,0.24896556443272277,0.2871724864230947,0.4730880108693223
Full sample,2025,PARENTAL_LEAVE,Parental Leave,ok,,669197,18113,0.28995743375235444,0.0036895596590523884,0.0,0.07085732555752855,0.0016079534093119022,0.0,0.043594662158811644,0.007824039814639286,0.028259544122118643,0.05892978019550464,-0.027262663398716906,0.007977288244108574,0.0006319092140902306,-0.04289814835716971,-0.011627178440264101,0.26269477035363753,0.007179635984025918,0.24862268382494673,0.2767668568823283,0.47408258229647204
Full sample,2025,CULTURE,Inclusive Workplace,ok,,669197,18113,0.26991640005542616,0.00386694707159061,0.0,0.06394365320118289,0.0015436601422951098,0.0,0.10548721231339812,0.006918001342047331,0.09192792968298535,0.1190464949438109,0.04154355911221523,0.0070794867295180955,4.406585671458978e-09,0.027667765122359765,0.0554193531020707,0.3114599591676414,0.006056079512508746,0.2995900433231243,0.32332987501215854,0.47425000776365156
Full sample,2025,REMOTE_KW,Remote Work,ok,,669197,18113,0.3059097142611133,0.003777506920061137,0.0,0.10954735300053828,0.0018761357186959891,0.0,-0.0002179180411274323,0.0073330873844551355,-0.014590769314659498,0.014154933232404633,-0.10976527104166571,0.0075516993332027105,7.252799245886361e-48,-0.12456660173474302,-0.0949639403485884,0.19614444321944757,0.006628006867631849,0.18315354975888914,0.209135336680006,0.4755069318616507
SMEs,Pooled 2018-2025,EDU_ASSISTANCE,Tuition Assistance,ok,,1172241,9526,0.2668552899394361,0.004900365784954894,0.0,0.02902827564724916,0.0013189423956463042,2.3743994747548068e-107,-0.03262310758965861,0.016054790620608887,-0.06409049720605203,-0.0011557179732651982,-0.06165138323690777,0.016106210701268015,0.00012929277186618578,-0.09321955621139308,-0.030083210262422458,0.2052039067025283,0.015366158221274991,0.17508623658882932,0.23532157681622728,0.3665873856953251
SMEs,Pooled 2018-2025,PAID LEAVE,Paid Leave,ok,,1172241,9526,0.286774344586688,0.006509569677973422,0.0,-0.022575453756202863,0.0007513895478885545,2.5422597033341444e-198,-0.07951558255217091,0.009180258072167395,-0.097508888373619,-0.061522276730722816,-0.05694012879596805,0.00920669956603902,6.224407778370227e-10,-0.07498525994540453,-0.038894997646531565,0.22983421579071994,0.006567494091994128,0.21696192737041145,0.24270650421102843,0.36690129202592314
SMEs,Pooled 2018-2025,HEALTH_WELLBEING,Health and Wellbeing,ok,,1172241,9526,0.26072563982718844,0.00486030847763233,0.0,0.04880982329968533,0.0019503331354123437,3.155045063989169e-138,0.06041954522978242,0.017604133349086473,0.025915443865572936,0.09492364659399191,0.011609721930097091,0.017710524029726962,0.5121286813708192,-0.02310290516816775,0.04632234902836194,0.2723353617572855,0.01705643652514661,0.23890474616799814,0.30576597734657285,0.36670438217141077
SMEs,Pooled 2018-2025,PARENTAL_LEAVE,Parental Leave,ok,,1172241,9526,0.24873579242162944,0.0050320854092903875,0.0,0.06669188028956152,0.0018636247930791019,1.816462488828662e-280,0.1386081407103491,0.012935518275157832,0.11325452489103975,0.16396175652965844,0.07191626042078758,0.01306568343035513,3.7082811952649305e-08,0.046307520897291524,0.09752499994428364,0.32065205284241705,0.012092190441318528,0.29695135957743274,0.34435274610740135,0.367070195098404
SMEs,Pooled 2018-2025,CULTURE,Inclusive Workplace,ok,,1172241,9526,0.25847952615097924,0.005104318156246769,0.0,0.07423436323222908,0.001723140364289504,0.0,0.06504619844652654,0.0124789775297417,0.0405874024882328,0.08950499440482027,-0.009188164785702538,0.012590399866425947,0.4655274503286906,-0.033865348523897394,0.015489018952492316,0.24929136136527671,0.011542787856049197,0.2266674971674203,0.27191522556313313,0.36740715108114075
SMEs,Pooled 2018-2025,REMOTE_KW,Remote Work,ok,,1172241,9526,0.264284311509017,0.0052677460078315586,0.0,0.18209043370528924,0.0016495575339669408,0.0,0.08978308978367566,0.011043132006395725,0.06813855105114004,0.11142762851621128,-0.09230734392161358,0.011156002147023161,1.2928680065213993e-16,-0.11417310812977897,-0.07044157971344818,0.1719769675874034,0.009864916785546284,0.1526417306877327,0.19131220448707412,0.37459199758902983
SMEs,Through 2022,EDU_ASSISTANCE,Tuition Assistance,ok,,642698,3534,0.20741277030544528,0.0076399397612898065,2.6386607068123753e-162,0.028153686368147805,0.001959674160065238,8.395175081344858e-47,-0.03557971670855187,0.02752296737766236,-0.0895247327687701,0.018365299351666357,-0.06373340307669967,0.02758981374152551,0.020886281321688422,-0.11780943801008967,-0.00965736814330967,0.1436793672287456,0.02652652746009002,0.09168737340696917,0.19567136105052205,0.3197274622058174
SMEs,Through 2022,PAID LEAVE,Paid Leave,ok,,642698,3534,0.23497369205726384,0.009631926136769612,1.9185148612400473e-131,-0.018602145500447486,0.001020434926635873,3.0037655406057652e-74,-0.10369976533907911,0.014608620814472164,-0.13233266213544456,-0.07506686854271367,-0.08509761983863162,0.014637262136241124,6.1082712724502605e-09,-0.11378665362566423,-0.05640858605159902,0.14987607221863222,0.011060588889646642,0.12819731799492481,0.17155482644233963,0.31994184671365056
SMEs,Through 2022,HEALTH_WELLBEING,Health and Wellbeing,ok,,642698,3534,0.20612956386810283,0.007562704967553721,1.4084265061367385e-163,0.03728040948576542,0.0029727035444831185,4.458426195876457e-36,-0.025250988050816277,0.03308961110025726,-0.09010662580732051,0.03960464970568795,-0.0625313975365817,0.033221837241326116,0.059803736719075795,-0.12764619852958087,0.002583403456417485,0.14359816633152112,0.032367884709597006,0.08015711230071099,0.20703922036233124,0.3197144546099232
SMEs,Through 2022,PARENTAL_LEAVE,Parental Leave,ok,,642698,3534,0.20474509533920857,0.007682282521335887,1.7150262395244738e-156,0.04566134805775092,0.0028411873100915594,4.060121979920504e-58,0.014833625741774242,0.026613405180304573,-0.03732864841162272,0.06699589989517121,-0.030827722315976677,0.0267614493141099,0.2493436045264441,-0.08328016297163209,0.02162471833967873,0.1739173730232319,0.025655133512637214,0.12363331133846296,0.22420143470800086,0.31979179453591455
SMEs,Through 2022,CULTURE,Inclusive Workplace,ok,,642698,3534,0.2059047470602458,0.007725560362909632,1.6785193748248345e-156,0.0646185016920432,0.0029132458117392982,5.2482708860436525e-109,0.012895204383718897,0.025370928451546905,-0.036831815381313034,0.06262222414875082,-0.0517232973083243,0.025531717538131903,0.04278069098080227,-0.10176546368306283,-0.0016811309335857672,0.1541814497519215,0.0243528271568038,0.10644990852458605,0.20191299097925694,0.3200751574000863
SMEs,Through 2022,REMOTE_KW,Remote Work,ok,,642698,3534,0.20587022137953773,0.008151618969377399,9.946728798278613e-141,0.20822449456057107,0.002369212210006791,0.0,0.10910072327276708,0.018405550575907984,0.07302584414398744,0.14517560240154673,-0.09912377128780399,0.01854637771446091,9.059533682340082e-08,-0.13547467160814736,-0.0627728709674606,0.10674645009173374,0.01667914001182982,0.0740553356685473,0.13943756451492018,0.3302585122922216
SMEs,Post-2022,EDU_ASSISTANCE,Tuition Assistance,ok,,529543,5992,0.3007318389153687,0.00632628619641359,0.0,0.02825362018288794,0.0017824036779236683,1.374509933187288e-56,-0.046616267517641315,0.01955468067367384,-0.08494344163804204,-0.008289093397240585,-0.07486988770052926,0.019631625507638025,0.00013688025536140637,-0.11334787369549978,-0.03639190170555873,0.22586195121483943,0.018632067002241296,0.18934309989044648,0.26238080253923235,0.36320771071785185
SMEs,Post-2022,PAID LEAVE,Paid Leave,ok,,529543,5992,0.321389545091554,0.008722558699525712,3.416009767932594e-297,-0.026797780103702762,0.0011084480648022802,3.984656992191743e-129,-0.08459738473857387,0.011747664346172993,-0.10762280685707293,-0.061571962620074805,-0.0577996046348711,0.011795964671558823,9.586239045024698e-07,-0.0809196953911264,-0.0346795138786158,0.2635899404566829,0.00805725461887346,0.2477977214036909,0.2793821595096749,0.36375457226724894
SMEs,Post-2022,HEALTH_WELLBEING,Health and Wellbeing,ok,,529543,5992,0.29200776653419297,0.0062900290272661485,0.0,0.05603582532364713,0.002578431199229463,1.0108382541263677e-104,0.07463506712101109,0.020323276425974396,0.03480144532610127,0.11446868891592091,0.01859924179736397,0.02048510986834646,0.36391015109440794,-0.02155157354459509,0.05875005713932303,0.31060700833155697,0.019549631225521644,0.27228973112953453,0.3489242855335794,0.3635177324241089
SMEs,Post-2022,PARENTAL_LEAVE,Parental Leave,ok,,529543,5992,0.2768428705691924,0.006615724315026648,0.0,0.08160318628253509,0.002461591497530053,5.5553708264377235e-241,0.14877637802075824,0.014679879343942772,0.12000381450663042,0.17754894153488607,0.06717319173822316,0.014881158610114745,6.3623441803430075e-06,0.038006120862398254,0.09634026261404806,0.34401606230741555,0.013400048912520746,0.3177519664388749,0.3702801581759562,0.3643410809313622
SMEs,Post-2022,CULTURE,Inclusive Workplace,ok,,529543,5992,0.2921079681291073,0.00673077275780742,0.0,0.07795118466805921,0.0021394935887210868,1.2147484550180945e-290,0.05757579870927765,0.014430000767958353,0.029292997204079275,0.08585860021447603,-0.020375385958781564,0.014580205792611113,0.16227257526861671,-0.048952589312299344,0.008201817394736216,0.2717325821703257,0.01300588324394447,0.24624105101219454,0.2972241133284569,0.3646291592696429
SMEs,Post-2022,REMOTE_KW,Remote Work,ok,,529543,5992,0.29813813699589636,0.006840409235233607,0.0,0.15328897237078032,0.0022730810930469947,0.0,0.06874519387329592,0.013702019113285084,0.04188923641125715,0.09560115133533469,-0.0845437784974844,0.013873170180814364,1.100899562396832e-09,-0.11173519205188055,-0.05735236494308825,0.21359435849841196,0.012133339807547461,0.18981301247561894,0.237375704521205,0.36935458945238464
SMEs,2018,EDU_ASSISTANCE,Tuition Assistance,ok,,52961,350,0.2591391244500702,0.024736832084720935,1.1154149896750544e-25,0.03755713281307858,0.011763962945965531,0.0014101867083578551,0.12619851980266564,0.2288243180077758,-0.322297143492575,0.5746941830979062,0.08864138698958707,0.22914183877861774,0.698874151703115,-0.3604766170165037,0.5377593909956778,0.34778051143965727,0.22784012291509764,-0.09878612947393411,0.7943471523532486,0.28898137405802116
SMEs,2018,PAID LEAVE,Paid Leave,ok,,52961,350,0.2774428590195988,0.026187581449239532,3.1621524586274364e-26,0.009906753723626989,0.004922203211631328,0.044149721335091235,-0.10986580732547535,0.07641480606880784,-0.2596388272203387,0.039907212569388006,-0.11977256104910235,0.07656920959940385,0.11776139878641322,-0.2698482118639339,0.030303089765729194,0.15767029797049648,0.07203406439620334,0.016483531753937936,0.29885706418705504,0.2889564672424596
SMEs,2018,HEALTH_WELLBEING,Health and Wellbeing,ok,,52961,350,0.2612322164344091,0.025276621274342565,4.89748344129967e-25,0.04580179413669152,0.012510608008178466,0.00025119684199989713,0.026636284530008582,0.1224206074158649,-0.21330810600508662,0.2665806750651038,-0.019165509606682937,0.12305670391305908,0.8762337479893074,-0.2603566492762787,0.22202563006291287,0.24206670682772613,0.12054248854794096,0.005803429273761845,0.4783299843816904,0.2890394487140464
SMEs,2018,PARENTAL_LEAVE,Parental Leave,ok,,52961,350,0.26190240365357936,0.024969378332188846,9.710790999094463e-26,0.08614928175818169,0.030926231131985536,0.005342251022651352,0.0019153557646718056,0.18876481107105145,-0.36806367393458905,0.3718943854639326,-0.08423392599350989,0.1912705648441068,0.6596535989300896,-0.4591242330879592,0.29065638110093944,0.1776684776600695,0.18963627577794223,-0.1940186228646973,0.5493555781848363,0.2889954064995177
SMEs,2018,CULTURE,Inclusive Workplace,ok,,52961,350,0.254724225456506,0.025708402099452517,3.8345755928719946e-23,0.05763604395978031,0.0137024828356919,2.5964505718488947e-05,0.10388145818903934,0.091819955544708,-0.07608565467858834,0.283848571056667,0.04624541422925903,0.09284455169843181,0.6184170295209531,-0.1357299070996673,0.2282207355581854,0.30096963968576507,0.08926147940672476,0.12601714004858455,0.4759221393229456,0.2891204581337763
SMEs,2018,REMOTE_KW,Remote Work,ok,,52961,350,0.2679797755052375,0.02504534592392332,1.0201644855996043e-26,0.22559879856346002,0.01411348481673185,1.635413922468899e-57,0.048307827115234736,0.14136181385387658,-0.22876132803836335,0.3253769822688328,-0.17729097144822528,0.14208111506414156,0.2120987501265038,-0.45576995697394274,0.1011880140774922,0.09068880405701221,0.13985024254925216,-0.183417671339522,0.3647952794535464,0.29334192008767235
SMEs,2019,EDU_ASSISTANCE,Tuition Assistance,ok,,102259,595,0.24537259441067225,0.020249940375517857,8.56341682796679e-34,0.024166085418481177,0.006206016266634052,9.861395056197631e-05,-0.1293789065905702,0.07145040301849605,-0.26942169650682246,0.01066388332568205,-0.15354499200905136,0.07170796678710296,0.03225353654850797,-0.2940926069117732,-0.01299737710632956,0.09182760240162088,0.06878579943053205,-0.04299256448222194,0.2266477692854637,0.31328074177253007
SMEs,2019,PAID LEAVE,Paid Leave,ok,,102259,595,0.25760839645912653,0.023425930599024945,3.9628570999856673e-28,-0.01183869244095796,0.0027389859447983682,1.544178102213704e-05,-0.09090772900886611,0.04071125386004342,-0.1707017865745512,-0.011113671443181011,-0.07906903656790815,0.04079522856301855,0.052599650159394856,-0.15902768455142452,0.000889611415608213,0.17853935989121839,0.03346897725679927,0.1129401644678918,0.24413855531454498,0.3133314907465815
SMEs,2019,HEALTH_WELLBEING,Health and Wellbeing,ok,,102259,595,0.2422456281052558,0.020287366297304866,7.259776643872915e-33,0.05603342983895956,0.008316973611889305,1.614257634051588e-11,-0.026444387243087987,0.07873269009449782,-0.18076045982830372,0.12787168534212776,-0.08247781708204754,0.07916622615405902,0.2974901061657853,-0.23764362034400321,0.07268798617990813,0.15976781102320825,0.0765855499675388,0.009660133086832196,0.3098754889595843,0.3134925936035019
SMEs,2019,PARENTAL_LEAVE,Parental Leave,ok,,102259,595,0.24315939911925422,0.02009181509115025,1.0255451630981085e-33,0.03270926204712975,0.00858036151557177,0.00013778682122695096,-0.09901289862592504,0.08526308609511335,-0.2661285473723472,0.06810275012049712,-0.13172216067305478,0.08569475998756751,0.12426669412413283,-0.29968389024868713,0.03623956890257754,0.11143723844619943,0.08332516839691302,-0.051880091611750084,0.2747545685041489,0.3132764941482912
SMEs,2019,CULTURE,Inclusive Workplace,ok,,102259,595,0.23802215743461055,0.020179816300359272,4.1390226572676484e-32,0.07907163960010404,0.00878964914180171,2.341019872847208e-19,0.06093210853588885,0.08719882891956555,-0.10997759614645963,0.23184181321823732,-0.018139531064215182,0.08764001641992497,0.8360272560588773,-0.1899139632472681,0.15363490111883776,0.21988262637039538,0.08527032272673468,0.0527527938259954,0.38701245891479535,0.31370890565819376
SMEs,2019,REMOTE_KW,Remote Work,ok,,102259,595,0.24759037077062176,0.020407863277115496,7.1389093949867324e-34,0.2617752890873562,0.008608983557577601,4.408772583321832e-203,0.05195327139191297,0.0748554000913936,-0.0947633127872185,0.19866985557104444,-0.20982201769544323,0.07533670450423395,0.005350735753225295,-0.35748195852374176,-0.0621620768671447,0.037768353075178535,0.07254697145352267,-0.10442371097372588,0.17996041712408295,0.3217784929586923
SMEs,2020,EDU_ASSISTANCE,Tuition Assistance,ok,,119577,603,0.19565092820820124,0.01773149889114512,2.6169143354749676e-28,0.027705484715302126,0.004951950116772165,2.2079547548028465e-08,0.10260242885167449,0.06791287168009863,-0.03050679964131882,0.2357116573446678,0.07489694413637236,0.06808984325937766,0.27134417419529167,-0.05855914865200783,0.20835303692475254,0.2705478723445736,0.06579689792382433,0.14158595241387792,0.3995097922752693,0.2990029402243889
SMEs,2020,PAID LEAVE,Paid Leave,ok,,119577,603,0.21671082280849455,0.02165469162989426,1.411788477085609e-23,-0.0321905748294564,0.0023265680450812215,1.5440617108336316e-43,-0.08691647516398981,0.03480717075097181,-0.15513852983589455,-0.01869442049208507,-0.05472590033453341,0.03487751431549443,0.116627361013467,-0.12308582839290248,0.013634027723835665,0.16198492247396112,0.027436495233990082,0.10820939181534056,0.2157604531325817,0.299869261573941
SMEs,2020,HEALTH_WELLBEING,Health and Wellbeing,ok,,119577,603,0.20636072189163543,0.01752033389220476,5.046806107115744e-32,0.04191385090330672,0.007512198712708547,2.4129620528915973e-08,-0.15463714459948844,0.07905708716842705,-0.3095890354496055,0.0003147462506285781,-0.19655099550279514,0.0794109336666619,0.013319420809608903,-0.35219642548945246,-0.04090556551613783,0.009809726388840284,0.0774995862976825,-0.14208946275461742,0.161708915532298,0.2990281704448685
SMEs,2020,PARENTAL_LEAVE,Parental Leave,ok,,119577,603,0.19800001940575024,0.017515297516169096,1.2479698507079118e-29,0.02829841608642514,0.0068044691090415966,3.199259252955073e-05,0.0701381869232523,0.0862901987236994,-0.09899060257519854,0.23926697642170314,0.041839770836827155,0.08655437454768976,0.6288167826289964,-0.12780680327664476,0.21148634495029908,0.2398397902425774,0.08479891387565419,0.07363391904629518,0.4060456614388596,0.29893509037425126
SMEs,2020,CULTURE,Inclusive Workplace,ok,,119577,603,0.2012998974794682,0.017677876749966532,4.848128742845255e-30,0.0673802709943011,0.008108650358345243,9.59623593651857e-17,0.0164099664412823,0.07260270797107216,-0.1258913411820191,0.15871127406458374,-0.050970304553018805,0.07303153903431898,0.48522608847483417,-0.19411212106028403,0.0921715119542464,0.15032959292644937,0.07089833592372115,0.011368854515955928,0.2892903313369428,0.2992175345472887
SMEs,2020,REMOTE_KW,Remote Work,ok,,119577,603,0.21448869755778263,0.01828727133122024,9.068024718457925e-32,0.2438586679050779,0.004975453111286402,0.0,0.0942471951332309,0.045981513245087736,0.004123429172858947,0.18437096109360285,-0.149611472771847,0.04622673868761349,0.0012101776450105933,-0.24021588059956944,-0.059007064944124554,0.06487722478593563,0.042519040657053836,-0.01846009490188988,0.14821454447376115,0.31790172729000166
SMEs,2021,EDU_ASSISTANCE,Tuition Assistance,ok,,176044,888,0.1841038016429383,0.015407854766141565,6.595042619258076e-33,0.03660854035468135,0.0034959203380013956,1.1642159950230135e-25,-0.10133301133437696,0.050843599777006795,-0.20098646689731026,-0.0016795557714436443,-0.1379415516890583,0.050962988216200523,0.00679555093222123,-0.23782900859281134,-0.038054094785305276,0.04616224995387999,0.04860141465216791,-0.04909652276436911,0.14142102267212908,0.32275711902457904
SMEs,2021,PAID LEAVE,Paid Leave,ok,,176044,888,0.2274287728678973,0.020730573795856976,5.286530433619905e-28,-0.01700925822726261,0.001860467312642994,6.10444440304538e-20,-0.13556449239153204,0.028840977043988598,-0.1920928073977497,-0.07903617738531438,-0.11855523416426943,0.028899217164827722,4.089425266546779e-05,-0.17519769980733177,-0.06191276852120709,0.10887353870362788,0.02021067148827646,0.06926062258660602,0.14848645482064976,0.32282846337229376
SMEs,2021,HEALTH_WELLBEING,Health and Wellbeing,ok,,176044,888,0.1779408952866918,0.01508867309618084,4.2409994828617663e-32,0.021812997939017736,0.005540180811558487,8.242562094351789e-05,-0.04736233437586625,0.0766889344238583,-0.19767264584662853,0.10294797709489602,-0.06917533231488399,0.07688581963231875,0.36827188955091616,-0.21987153879422872,0.08152087416446074,0.10876556297180781,0.07541867876076691,-0.03905504739929533,0.25658617334291095,0.3224749852243072
SMEs,2021,PARENTAL_LEAVE,Parental Leave,ok,,176044,888,0.18111334476116173,0.015604966769873828,3.8356609255872244e-31,0.040538313191639405,0.0049920869042597025,4.64212195059484e-16,-0.04000657450373479,0.047539265919860754,-0.13318353570666186,0.05317038669919229,-0.0805448876953742,0.04779654347775625,0.09195744587898869,-0.17422611291177645,0.013136337521028052,0.10056845706578753,0.04520829024928676,0.011960208177185475,0.18917670595438957,0.3226375969446911
SMEs,2021,CULTURE,Inclusive Workplace,ok,,176044,888,0.1755994058018747,0.015563834420026294,1.6007765905512557e-29,0.05274881817766816,0.005480542695272634,6.286351117231412e-22,0.03177313058221727,0.05001128047193533,-0.06624897914277597,0.1297952403072105,-0.02097568759545089,0.05029880059870538,0.6766625898313776,-0.11956133676891344,0.07760996157801166,0.1546237182064238,0.04786578776426463,0.06080677418846511,0.24844066222438246,0.3227793860643424
SMEs,2021,REMOTE_KW,Remote Work,ok,,176044,888,0.16195501144794272,0.016978799544261392,1.4468845206722389e-21,0.20525901943660807,0.0041306965013574075,0.0,0.1607129482014518,0.03294890379682067,0.09613309675968329,0.2252927996432203,-0.044546071235156276,0.03317984197749762,0.17941309748944234,-0.10957856151105161,0.020486419040739057,0.11740894021278644,0.028534280902204615,0.0614817496444654,0.1733361307811075,0.3352931157809468
SMEs,2022,EDU_ASSISTANCE,Tuition Assistance,ok,,191857,1098,0.19441407092395216,0.012937541946701239,4.8771228533481905e-51,0.01810400734884438,0.00307332524019828,3.845855821911106e-09,-0.00021437279026248132,0.03843171172454471,-0.07554052777037011,0.07511178218984514,-0.01831838013910686,0.03855036135708994,0.6346583219083987,-0.09387708839900313,0.05724032812078941,0.1760956907848453,0.036344651483286486,0.10486017387760378,0.24733120769208683,0.33136835672631004
SMEs,2022,PAID LEAVE,Paid Leave,ok,,191857,1098,0.2090701179472278,0.017594742649829426,1.4587798677238944e-32,-0.020321725770225958,0.0017845785414039976,4.831431200035647e-30,-0.053500935757112796,0.02437545439264841,-0.10127682636670368,-0.005725045147521909,-0.03317920998688684,0.02443482005212498,0.1745062255789187,-0.0810714572890518,0.014713037315278121,0.17589090796034096,0.017043635487055064,0.14248538240571304,0.20929643351496888,0.33173976888550405
SMEs,2022,HEALTH_WELLBEING,Health and Wellbeing,ok,,191857,1098,0.19371979020492272,0.012708871425138409,1.83598539141528e-52,0.0375059666399543,0.0047948894868595215,5.196123122451867e-15,0.013066081582621611,0.05053661881992574,-0.08598569130443283,0.11211785446967605,-0.02443988505733269,0.05076350160844039,0.630199546395377,-0.12393634820987585,0.07505657809521048,0.16927990514759003,0.04918201766622265,0.07288315052179364,0.2656766597733864,0.33147092658257704
SMEs,2022,PARENTAL_LEAVE,Parental Leave,ok,,191857,1098,0.18596848555921514,0.0130593805952406,5.156261450693268e-46,0.06447870236380546,0.004552166193646961,1.5216118258154394e-45,0.09614124685149139,0.037611074231689634,0.022423541357379714,0.16985895234560305,0.031662544487685934,0.03788151040625757,0.40324992824005346,-0.0425852159085789,0.10591030488395077,0.21763103004690107,0.03561630057134227,0.14782308092707022,0.2874389791667319,0.3319537523841757
SMEs,2022,CULTURE,Inclusive Workplace,ok,,191857,1098,0.19904783060379247,0.013170669698774909,1.3302330361879984e-51,0.06972450691297218,0.004412543968891907,3.0413592234907933e-56,-0.004233498294625243,0.03630093020310548,-0.07538332149271199,0.0669163249034615,-0.07395800520759742,0.036555628964040215,0.043056318919945415,-0.14560703797711624,-0.0023089724380785936,0.12508982539619506,0.03414533183553009,0.05816497499855609,0.19201467579383402,0.33221059591505586
SMEs,2022,REMOTE_KW,Remote Work,ok,,191857,1098,0.17657940874490885,0.013999072348160634,1.775728934482408e-36,0.17973235764617473,0.004025583792105388,0.0,0.15911414457157563,0.027907086725067153,0.10441625459044401,0.21381203455270725,-0.020618213074599098,0.028173797557808376,0.46427704162371286,-0.07583885628790352,0.034602430138705315,0.15596119567030975,0.02449220264182216,0.10795647849233832,0.2039659128482812,0.3401817064830971
SMEs,2023,EDU_ASSISTANCE,Tuition Assistance,ok,,169275,1255,0.26219974846919036,0.0127603312783754,8.014020126999032e-94,0.02531017082515643,0.0031535712065489862,1.0080417014703377e-15,-0.041136623417578504,0.043303147356468584,-0.1260107922362569,0.04373754540109991,-0.06644679424273493,0.043415978803810804,0.12590076893373586,-0.1515421126982041,0.018648524212734247,0.19575295422645544,0.0415520224550562,0.11431099021454529,0.2771949182383656,0.35532551741688223
SMEs,2023,PAID LEAVE,Paid Leave,ok,,169275,1255,0.2721973356855268,0.016998889423970764,1.0426566573047314e-57,-0.03041342306227709,0.0019479953178714944,5.96788012660739e-55,-0.06270793196938465,0.024159165452818283,-0.11005989625690848,-0.015355967681860816,-0.03229450890710756,0.024232153904842093,0.18262597320022012,-0.07978953056059807,0.015200512746382941,0.23990282677841923,0.017397808866061494,0.2058031214009387,0.27400253215589976,0.3560949988636487
SMEs,2023,HEALTH_WELLBEING,Health and Wellbeing,ok,,169275,1255,0.25532690344301406,0.012724606786642605,1.4749173117679172e-89,0.039212470721734664,0.004710415669710384,8.459207483402476e-17,0.04968515821610348,0.04442488772923947,-0.037387621733205874,0.13675793816541285,0.010472687494368816,0.044669888168502446,0.8146385614182157,-0.07708029331589597,0.0980256683046336,0.26579959093738287,0.042894872504746676,0.1817256408280794,0.34987354104668633,0.35538172356010933
SMEs,2023,PARENTAL_LEAVE,Parental Leave,ok,,169275,1255,0.235295242196018,0.013062730100822761,1.5484233133711224e-72,0.07344113802308438,0.004521100804292716,2.4599104733532095e-59,0.17069797759729885,0.03367047758989032,0.10470384152111382,0.23669211367348386,0.09725683957421447,0.03396223599018364,0.004187561245813267,0.030690857033454533,0.1638228221149744,0.33255208177023243,0.031421082995837006,0.2709667590983919,0.39413740444207296,0.3562091684783779
SMEs,2023,CULTURE,Inclusive Workplace,ok,,169275,1255,0.25089041044124305,0.013448459970675444,1.1350975858564289e-77,0.08710140294060106,0.0040915625048049,1.4648588695284353e-100,0.09044256526773102,0.031009193491357147,0.029664546024671015,0.151220584510791,0.003341162327129963,0.031265593359562964,0.9148969759904514,-0.057939400657613445,0.06462172531187337,0.254231572768373,0.028295159388492683,0.19877306036692732,0.30969008516981866,0.3570031949343694
SMEs,2023,REMOTE_KW,Remote Work,ok,,169275,1255,0.2563424615941406,0.01383526778585036,1.2233458280672351e-76,0.15418084246612976,0.003915852707626156,0.0,0.09599935457702265,0.02840270512022686,0.040330052541378,0.1516686566126673,-0.05818148788910711,0.028639143434634293,0.04220052059601037,-0.11431420902099032,-0.002048766757223902,0.1981609737050335,0.02514338143339807,0.14887994609557328,0.2474420013144937,0.3619838850061474
SMEs,2024,EDU_ASSISTANCE,Tuition Assistance,ok,,173987,1659,0.2658876840241057,0.011353507377415022,2.737593216649225e-121,0.0289402872713654,0.0031229436298922035,1.9147304230324798e-20,-0.041054119298397404,0.03639830327957024,-0.11239479372635508,0.030286555129560272,-0.0699944065697628,0.03652050336506056,0.05529151894929797,-0.14157459316528148,0.0015857800257558924,0.19589327745434287,0.03478258764390173,0.1277194056722955,0.26406714923639024,0.35431167560674537
SMEs,2024,PAID LEAVE,Paid Leave,ok,,173987,1659,0.2789058750114951,0.015859772905246018,3.1680693607570634e-69,-0.02440073069004945,0.0019280836453610015,1.044002467011505e-36,-0.06574742091848798,0.02115993482769316,-0.10722089318076658,-0.02427394865620939,-0.04134669022843854,0.021244236634016683,0.05162418138909574,-0.08298539403111124,0.0002920135742341609,0.23755918478305657,0.014344949437011395,0.20944308388651423,0.2656752856795989,0.3547018537779948
SMEs,2024,HEALTH_WELLBEING,Health and Wellbeing,ok,,173987,1659,0.25525776213508333,0.011254051045037676,6.836094380954828e-114,0.0608157261778456,0.00454542587563292,7.963426693624006e-41,0.10923012945810129,0.038264182237663265,0.034232332272281285,0.1842279266439213,0.04841440328025568,0.03852958644697136,0.20891614614628629,-0.027103586155808178,0.12393239271631953,0.30367216541533903,0.03693489784074147,0.23127976564748576,0.3760645651831923,0.35472855025301975
SMEs,2024,PARENTAL_LEAVE,Parental Leave,ok,,173987,1659,0.24247259574802474,0.011823733027466577,1.8537786031768948e-93,0.0825359253312572,0.00427732590601885,5.786234045259578e-83,0.1622330073926824,0.026422349344853262,0.11044520267677001,0.2140208121085948,0.0796970820614252,0.026759481217894197,0.0028987619152344027,0.027248498874352572,0.13214566524849783,0.32216967780944994,0.02413943106106512,0.27485639292976227,0.3694829626891376,0.3554750261553544
SMEs,2024,CULTURE,Inclusive Workplace,ok,,173987,1659,0.2623585563556279,0.012309765588182062,8.592634935612599e-101,0.07817593756535952,0.0036618767576576733,4.0180650547924605e-101,0.03425557944492311,0.024726878831350146,-0.01420910306452318,0.08272026195436939,-0.04392035812043642,0.024990326639774834,0.07883358236773916,-0.09290139833439509,0.005060682093522256,0.21843819823519145,0.021873280464183673,0.17556656852539146,0.26130982794499147,0.35578949319262176
SMEs,2024,REMOTE_KW,Remote Work,ok,,173987,1659,0.2667475326110872,0.012356259549834435,2.326293489772196e-103,0.1558758011736722,0.0038303984486552692,0.0,0.06581985006677733,0.024564249003313787,0.017673922020282312,0.11396577811327235,-0.09005595110689486,0.0248354455935594,0.0002877276052513267,-0.1387334244702713,-0.04137847774351844,0.17669158150419234,0.021669811391090525,0.13421875117765492,0.21916441183072977,0.3609831830577356
SMEs,2025,EDU_ASSISTANCE,Tuition Assistance,ok,,186281,3078,0.3347733124533606,0.009346322216876922,5.646108355452894e-281,0.030151580707505645,0.002999119283178347,8.868082951117328e-24,-0.05082619143190183,0.027277468399503898,-0.10429002949492946,0.0026376466311258118,-0.08097777213940748,0.027431549590920243,0.003157289786926323,-0.13474360933761115,-0.027211934941203803,0.2537955403139531,0.025899244380163392,0.20303302132883289,0.30455805929907337,0.372511675886088
SMEs,2025,PAID LEAVE,Paid Leave,ok,,186281,3078,0.363101378782899,0.012870815535833,4.2598170668632006e-175,-0.02594469269329024,0.001889278734044408,6.4774683637169364e-43,-0.10191854812511512,0.0171420559097942,-0.13551697770831175,-0.0683201185419185,-0.07597385543182489,0.017235712994641675,1.0436216962343602e-05,-0.10975585290132257,-0.0421918579623272,0.2871275233510741,0.011702553283963166,0.2641905189145063,0.31006452778764193,0.3730428643597744
SMEs,2025,HEALTH_WELLBEING,Health and Wellbeing,ok,,186281,3078,0.32673276907323523,0.00929794651717967,1.6342089435791595e-270,0.06382825732466306,0.004187900121015904,1.8863064260611465e-52,0.06504381887320589,0.028282133284247172,0.009610837636081428,0.12047680011033035,0.001215561548542823,0.02858971216785216,0.9660862042811325,-0.054820274300447405,0.05725139739753306,0.32794833062177803,0.027150340317379732,0.27473366359971374,0.3811629976438423,0.37297681169453756
SMEs,2025,PARENTAL_LEAVE,Parental Leave,ok,,186281,3078,0.31271725842540893,0.009854461941126002,5.351699057027364e-221,0.08650675295829117,0.004036457569269333,6.816802276804104e-102,0.1308811544521858,0.02063026202588968,0.09044584088144202,0.17131646802292955,0.0443744014938946,0.021016623588088743,0.03473834370151103,0.0031818192612406634,0.08556698372654853,0.35709165991930353,0.018707642470003682,0.3204246806780963,0.39375863916051074,0.37382748141127153
SMEs,2025,CULTURE,Inclusive Workplace,ok,,186281,3078,0.32421076358221196,0.009898903105166735,2.8258331982002765e-235,0.07124843464776905,0.003445742524515095,5.553174313856524e-95,0.05772541888227046,0.021161350883869095,0.016249171149887033,0.09920166661465388,-0.013523015765498587,0.021424037805895704,0.5279047847909424,-0.05551412986505417,0.028468098334056995,0.3106877478167134,0.019153522358023357,0.2731468439949876,0.34822865163843914,0.37371924421396674
SMEs,2025,REMOTE_KW,Remote Work,ok,,186281,3078,0.33219081675162787,0.010095230210731004,1.82049710323448e-237,0.15055236539096842,0.004060514958160383,6.5579217840208784e-301,0.055278396572503746,0.019881323297382663,0.016311002909633728,0.09424579023537377,-0.09527396881846467,0.020266420496265647,2.5879505202750974e-06,-0.13499615299114534,-0.055551784645784,0.2369168479331632,0.017692137945318334,0.20224025756033925,0.27159343830598714,0.37786481991595755
Large firms,Pooled 2018-2025,EDU_ASSISTANCE,Tuition Assistance,ok,,1515453,20091,0.2310111299029784,0.0032789754702639974,0.0,0.012875186263734965,0.0009027888586148258,3.798138903095852e-46,-0.01003038018330064,0.007326264058258405,-0.024389857737487114,0.004329097370885833,-0.022905566447035605,0.007379351872595155,0.0019091823855121625,-0.03736909611732211,-0.0084420367767491,0.20810556345594278,0.006660790954664456,0.19505041318480043,0.22116071372708512,0.4903552306022153
Large firms,Pooled 2018-2025,PAID LEAVE,Paid Leave,ok,,1515453,20091,0.21409382308858765,0.003886855680343439,0.0,0.006219380732679796,0.0006933275684381401,2.9561327128792515e-19,0.03829473746771546,0.0058458356958688475,0.026836899503812517,0.0497525754316184,0.032075356735035664,0.005881250517523946,4.92955671122472e-08,0.020548105720688728,0.0436026077493826,0.24616917982362332,0.004496079440687629,0.23735686411987558,0.2549814955273711,0.49033820412620177
Large firms,Pooled 2018-2025,HEALTH_WELLBEING,Health and Wellbeing,ok,,1515453,20091,0.22433100797939726,0.0031719185048866404,0.0,-0.0115932932803529,0.0011104854565812988,1.6308102895343212e-25,0.018505219645455137,0.008603120933254056,0.001643102616277186,0.035367336674633085,0.030098512925808035,0.008670170872876007,0.0005175560543827092,0.013104978014971062,0.04709204783664501,0.2544295209052053,0.008115428367744919,0.2385232813044253,0.27033576050598535,0.49033001970615697
Large firms,Pooled 2018-2025,PARENTAL_LEAVE,Parental Leave,ok,,1515453,20091,0.21677669752670803,0.0032561798516047443,0.0,0.05878461311611371,0.0012554572410711877,0.0,0.11383295490455991,0.0074571028541256515,0.09921703331047363,0.1284488764986462,0.05504834178844621,0.007553426831105677,3.1490937045180916e-13,0.040243625199479084,0.06985305837741333,0.2718250393151542,0.006864171463707137,0.25837126324628823,0.2852788153840202,0.4910947532269858
Large firms,Pooled 2018-2025,CULTURE,Inclusive Workplace,ok,,1515453,20091,0.22033420066343415,0.0034144691860697757,0.0,0.023351099473098366,0.000992311820736778,1.9184131240648268e-122,0.04871472284723513,0.006641207539599733,0.03569795606961965,0.06173148962485061,0.02536362337413676,0.006709243988642815,0.0001565768434740908,0.012213505156396843,0.03851374159187668,0.2456978240375709,0.005834057583374234,0.2342630711741574,0.2571325769009844,0.4904985600795754
Large firms,Pooled 2018-2025,REMOTE_KW,Remote Work,ok,,1515453,20091,0.24214960839352623,0.0034030188811965045,0.0,0.1251557801650167,0.0012894241326528557,0.0,0.03207134634547246,0.0066411465712276335,0.019054699065866293,0.04508799362507862,-0.09308443381954423,0.006755274587214326,3.385206078962378e-43,-0.1063247720104843,-0.07984409562860416,0.149065174573982,0.00588242660773241,0.13753561842282647,0.16059473072513752,0.49379547470829177
Large firms,Through 2022,EDU_ASSISTANCE,Tuition Assistance,ok,,682782,4702,0.18635366965025657,0.006267748440394394,2.950078680279742e-194,0.01779751143541918,0.001527800029433275,2.3186622639322553e-31,0.027783969415830854,0.01799393110735262,-0.00748413555458028,0.063052074386242,0.009986457980411678,0.01805094880792175,0.5801009363485417,-0.02539340168311495,0.04536631764393831,0.19634012763066824,0.016959469822972223,0.1630995667776427,0.22958068848369378,0.4186727669125606
Large firms,Through 2022,PAID LEAVE,Paid Leave,ok,,682782,4702,0.19317774971722693,0.007127238632433626,8.797420796769982e-162,0.00790367311438457,0.0010782176056023662,2.2961489213317913e-13,-0.012197438539712906,0.012572156938891986,-0.036838866139941195,0.012443989060515385,-0.020101111654097475,0.012609581161402868,0.1109104719827862,-0.044815890730447096,0.004613667422252145,0.17307663806312945,0.010449168374586086,0.15259626804894072,0.19355700807731818,0.41861785258477924
Large firms,Through 2022,HEALTH_WELLBEING,Health and Wellbeing,ok,,682782,4702,0.18366775379580869,0.006216038008785142,7.092385156699712e-192,-0.019682906399534437,0.0019530344755347645,6.903769407139204e-24,0.0263072943222571,0.018682218801827934,-0.01030985452932565,0.06292444317383986,0.04599020072179154,0.01876331656295394,0.014243228522836993,0.009214100258401817,0.08276630118518126,0.22965795451760024,0.017737983396413814,0.19489150706062916,0.2644244019745713,0.4186474820459921
Large firms,Through 2022,PARENTAL_LEAVE,Parental Leave,ok,,682782,4702,0.18618497313456833,0.006083303485307927,1.0215928233140919e-205,0.0511133150215464,0.0028146067075638364,1.0698507905656651e-73,0.05725580792530875,0.024870567550303684,0.008509495526713533,0.10600212032390396,0.006142492903762351,0.02502384653766298,0.8060959593177272,-0.04290424631005709,0.05518923211758179,0.19232746603833067,0.024289807330802684,0.14471944366995743,0.23993548840670392,0.41887593962092984
Large firms,Through 2022,CULTURE,Inclusive Workplace,ok,,682782,4702,0.18623236366548954,0.006575781869649164,1.9085569431918522e-176,0.0035317035597793806,0.0017332501720994822,0.041588045934235464,0.007146796882846813,0.014595537583440918,-0.021460456780697384,0.03575405054639101,0.003615093323067433,0.014688690088763333,0.8055939305464194,-0.025174739250908698,0.032404925897043566,0.18984745698855696,0.013174790974629171,0.16402486667828378,0.21567004729883013,0.4185767539063764
Large firms,Through 2022,REMOTE_KW,Remote Work,ok,,682782,4702,0.18069179761224846,0.006540541946779457,5.35869664311682e-168,0.1785246093065362,0.0021696339325448263,0.0,0.1630853533797388,0.014012942396684458,0.13561998628223726,0.19055072047724037,-0.015439255926797393,0.014156732207000247,0.27545129963116854,-0.04318645105251788,0.012307939198923092,0.16525254168545106,0.01258675221518936,0.1405825073436799,0.1899225760272222,0.42534186371991134
Large firms,Post-2022,EDU_ASSISTANCE,Tuition Assistance,ok,,832671,15389,0.23429366896464685,0.0038304632768265796,0.0,0.00976791455297147,0.001117541865147567,2.3200767639369407e-18,-0.020539398771611803,0.00808884484413598,-0.03639353466611832,-0.004685262877105283,-0.030307313324583272,0.008164083243146205,0.00020540550920962152,-0.046308916481149834,-0.014305710168016711,0.20398635564006357,0.007283173160481988,0.18971133624551886,0.21826137503460827,0.4959402813197278
Large firms,Post-2022,PAID LEAVE,Paid Leave,ok,,832671,15389,0.2111655314562278,0.00463139511964091,0.0,0.003546842153496857,0.0009058776380720354,9.026731335750579e-05,0.04393350927480807,0.006635993087749364,0.030926962822819315,0.05694005572679682,0.04038666712131121,0.00668969046067403,1.5685955878182867e-09,0.027274873818390114,0.053498460424232314,0.251552198577539,0.004953205169430169,0.2418439164454559,0.26126048070962216,0.4959348902395958
Large firms,Post-2022,HEALTH_WELLBEING,Health and Wellbeing,ok,,832671,15389,0.22687310743743705,0.003680793701759397,0.0,-0.011569476173913941,0.0013577686387744902,1.5825237316106795e-17,0.007864430837227942,0.009565720936159103,-0.0108843821976439,0.026613243872099783,0.019433907011141883,0.00965782147635112,0.04419407300166006,0.0005045769174936883,0.038363237104790074,0.24630701444857894,0.008999613970019613,0.2286677710673405,0.2639462578298174,0.4959368664744185
Large firms,Post-2022,PARENTAL_LEAVE,Parental Leave,ok,,832671,15389,0.21937136154483078,0.003850200038286917,0.0,0.06162168792544204,0.0014053419463554457,0.0,0.10415834402950593,0.007883440707041781,0.08870680024370403,0.11960988781530782,0.04253665610406389,0.007997935152502259,1.0465224609791833e-07,0.026860703205159462,0.05821260900296832,0.26190801764889465,0.007089824384206398,0.24801196185585012,0.2758040734419392,0.49712752069973687
Large firms,Post-2022,CULTURE,Inclusive Workplace,ok,,832671,15389,0.22182342313766149,0.003986796620597014,0.0,0.032631993406714965,0.0012098923906038801,3.2368127849390905e-160,0.055284008861610195,0.007415440702664337,0.0407497450843881,0.0698182726388323,0.02265201545489523,0.007507013054443464,0.0025491345197718135,0.00793826986818604,0.03736576104160442,0.24447543859255672,0.006450301030291648,0.2318328485731851,0.25711802861192834,0.49638578756986007
Large firms,Post-2022,REMOTE_KW,Remote Work,ok,,832671,15389,0.24920301076522483,0.00394527681192442,0.0,0.09088196950030121,0.001599784113556987,0.0,-0.007193722504849301,0.007544477769109776,-0.02198089893230446,0.00759345392260586,-0.09807569200515051,0.0076992359922255895,3.6189139787336865e-37,-0.11316619454991267,-0.08298518946038835,0.15112731876007432,0.00668250126403932,0.13802961628255725,0.1642250212375914,0.4979953040113927
Large firms,2018,EDU_ASSISTANCE,Tuition Assistance,ok,,76448,443,0.1659671841343423,0.020827232509174155,1.6027644003278416e-15,0.04135541862616332,0.005753257951613247,6.566359833476456e-13,0.17781119763184983,0.08566365707578995,0.009910429763301531,0.3457119655003981,0.1364557790056865,0.0856624758150382,0.11117209400987223,-0.03144267359178837,0.3043542316031614,0.3024229631400288,0.08329861763831693,0.13915767256892764,0.46568825371113,0.3801304913821939
Large firms,2018,PAID LEAVE,Paid Leave,ok,,76448,443,0.19565422248136288,0.023957342255628497,3.167430061231949e-16,0.014826244176533113,0.004110783766686159,0.00031015061844853265,-0.08086157610155148,0.04446192747497463,-0.16800695395250176,0.006283801749398785,-0.09568782027808459,0.04458239626348039,0.03184793713102079,-0.18306931695450615,-0.00830632360166303,0.09996640220327829,0.03769420653696181,0.026085757390833145,0.17384704701572345,0.37989285802022776
Large firms,2018,HEALTH_WELLBEING,Health and Wellbeing,ok,,76448,443,0.17238815136323796,0.02078033996819224,1.0791770749071282e-16,-0.04352550277824953,0.006901991283293603,2.859252259034825e-10,-0.05921724722877754,0.09359908682870344,-0.24267145741303625,0.12423696295548119,-0.01569174445052801,0.09384817984351912,0.8672099279706812,-0.1996341769438255,0.16825068804276946,0.15669640691270995,0.0915488341519944,-0.02273930802519908,0.33613212185061897,0.38004054838366597
Large firms,2018,PARENTAL_LEAVE,Parental Leave,ok,,76448,443,0.16858347735764617,0.020373539828241645,1.2885652378304353e-16,-0.030664883299046052,0.023244833259910773,0.18709795538136653,0.2378254597467226,0.20818744670249623,-0.17022193579017003,0.6458728552836153,0.26849034304576863,0.20947409034521874,0.19993550565999796,-0.14207887403086011,0.6790595601223974,0.4370738204034148,0.20848408637803967,0.028445011102457063,0.8457026297043726,0.3797977717571126
Large firms,2018,CULTURE,Inclusive Workplace,ok,,76448,443,0.16117997694212677,0.020580298369641748,4.8108362528879075e-15,0.007111987479487476,0.007656466989234004,0.3529480009797895,0.20532525987220604,0.10269277779673099,0.004047415390613318,0.40660310435379876,0.19821327239271858,0.10297551552160213,0.054247092083095944,-0.003618738029621593,0.40004528281505874,0.35939324933484534,0.10091484804125529,0.16160014717398496,0.5571863514957057,0.37981462188541926
Large firms,2018,REMOTE_KW,Remote Work,ok,,76448,443,0.17974430680727188,0.020532635384015938,2.0577740782061212e-18,0.10856386352688521,0.008076690665279046,3.447717312250996e-41,0.046389213135201474,0.13031914117257867,-0.20903630356305272,0.3018147298334557,-0.06217465039168374,0.13044779564035675,0.6336293428768891,-0.31785232984678297,0.1935030290634155,0.11756965641558814,0.12886916445447613,-0.13501390591518508,0.37015321874636137,0.38135010614606
Large firms,2019,EDU_ASSISTANCE,Tuition Assistance,ok,,113035,597,0.13592386180864924,0.01698844540347484,1.2345350053148895e-15,0.019081812012419517,0.004540255508605924,2.636267926607392e-05,0.05074610603039047,0.05863097527174651,-0.06417060550223269,0.16566281756301363,0.03166429401797095,0.0587819751079391,0.5901121414980711,-0.08354837719358968,0.1468769652295316,0.16758815582662018,0.056278869295829516,0.05728157200679433,0.277894739646446,0.398789439214718
Large firms,2019,PAID LEAVE,Paid Leave,ok,,113035,597,0.15633368311791174,0.019024873624568384,2.080822287205715e-16,-0.000981147110469361,0.003059086879406367,0.7484134806610097,-0.08246042404485718,0.03722656207069125,-0.15542448570341202,-0.009496362386302332,-0.08147927693438782,0.03730010408837078,0.028931038626919155,-0.15458748094759456,-0.008371072921181097,0.07485440618352392,0.03209243095626241,0.011953241509249604,0.13775557085779822,0.3987332440025083
Large firms,2019,HEALTH_WELLBEING,Health and Wellbeing,ok,,113035,597,0.13295256010235038,0.016839306641187955,2.8945473996493988e-15,-0.054382739875969095,0.005169594638369414,7.007409004306626e-26,0.006237047650243119,0.07711988719503829,-0.14491793125203195,0.15739202655251816,0.060619787526212214,0.07729572880197418,0.43288878519939966,-0.09087984092565715,0.2121194159780816,0.1935723476285626,0.07546266283483268,0.04566552847229055,0.34147916678483464,0.3991867207202644
Large firms,2019,PARENTAL_LEAVE,Parental Leave,ok,,113035,597,0.13577470656354315,0.01645552533845878,1.5706121162258604e-16,0.011130314045327938,0.010498629018755432,0.28906802401405807,0.13031903244934231,0.2589542008306075,-0.3772312011786484,0.637869266077333,0.11918871840401438,0.25916501744522463,0.6455915263923732,-0.3887747157886259,0.6271521525966546,0.25496342496755753,0.2586425842038905,-0.25197604007206786,0.7619028900071829,0.39871679158385376
Large firms,2019,CULTURE,Inclusive Workplace,ok,,113035,597,0.13098880210606825,0.01716349902416124,2.3145545979815096e-14,0.008062491728077941,0.005615814678264215,0.1510944878980903,0.06910125759731492,0.05839125394280414,-0.045345600130581185,0.18354811532521104,0.061038765869236976,0.05864302851489298,0.29794382753455584,-0.053901570019953264,0.1759791017584272,0.19202756797530524,0.056108815692475535,0.08205428921805319,0.3020008467325573,0.398726317506791
Large firms,2019,REMOTE_KW,Remote Work,ok,,113035,597,0.14842141571177442,0.016963404495075548,2.1428803019967447e-18,0.17827202374342527,0.006302538302065202,5.174537748568166e-176,0.08334563923683914,0.0638762619131704,-0.04185183411297484,0.20854311258665315,-0.09492638450658612,0.06398753672169785,0.13793799109244076,-0.22034195648111393,0.030489187467941672,0.053495031205188295,0.061696952712026444,-0.06743099611038353,0.17442105852076012,0.4033657604170712
Large firms,2020,EDU_ASSISTANCE,Tuition Assistance,ok,,112304,511,0.15639652599962184,0.01955402736432631,1.26277174272962e-15,-0.0030227824523090183,0.004273664457390108,0.47937721876671435,0.04147610730356239,0.0513095358580154,-0.059090582978147795,0.14204279758527258,0.04449888975587141,0.05144846761221491,0.3870818336856686,-0.05634010676406981,0.14533788627581262,0.20089541575549325,0.0476567608802544,0.10748816443019463,0.2943026670807919,0.39453935280374497
Large firms,2020,PAID LEAVE,Paid Leave,ok,,112304,511,0.1795379577681505,0.02217665598728394,5.688530118857936e-16,-0.00706674338871681,0.0027781240284942793,0.010968193290021362,-0.07362319529716986,0.03877298693208711,-0.1496182496840606,0.0023718590897208736,-0.06655645190845305,0.03884345683130754,0.08662916541591684,-0.1426896272978158,0.009576723480909724,0.11298150585969746,0.031977024849807086,0.05030653715407557,0.17565647456531935,0.39458575407519725
Large firms,2020,HEALTH_WELLBEING,Health and Wellbeing,ok,,112304,511,0.15220321021604458,0.018826848178564184,6.248626114531621e-16,-0.05755507190661585,0.005549019534966473,3.3208994088570234e-25,0.12835649666245263,0.08175633422046388,-0.03188591840965657,0.28859891173456187,0.18591156856906849,0.08194096998436479,0.02327759854294032,0.025307267399713507,0.34651586973842347,0.3381147787851131,0.07978919998221654,0.18172794681996868,0.4945016107502575,0.3950359411001547
Large firms,2020,PARENTAL_LEAVE,Parental Leave,ok,,112304,511,0.16718825331200216,0.018884210121643305,8.494162057215363e-19,0.007826646473033539,0.008583872887041377,0.3618819122396031,-0.11750734393147604,0.07797463166116862,-0.27033762198736655,0.035322934124414465,-0.12533399040450957,0.07843931521589437,0.11007712851084032,-0.2790750482276625,0.028407067418643378,0.041854262907492584,0.07616229077810892,-0.10742382701760089,0.19113235283258606,0.39455148197339407
Large firms,2020,CULTURE,Inclusive Workplace,ok,,112304,511,0.16836546138865602,0.020142585206251198,6.34228942406818e-17,-0.020842812405122743,0.005109078345640686,4.51202348794848e-05,-0.08123303183570126,0.04375182235930907,-0.16698660365994705,0.004520539988544528,-0.06039021943057851,0.04402806603306783,0.1701786269992538,-0.14668522885539145,0.02590478999423443,0.1079752419580775,0.03922768364755639,0.031088982008866978,0.18486150190728803,0.394619723368257
Large firms,2020,REMOTE_KW,Remote Work,ok,,112304,511,0.17149818259300667,0.0194157983064514,1.0197845687607989e-18,0.22672058426651656,0.005836547343282859,0.0,0.15689146524750766,0.056500781462013226,0.04614993358196173,0.2676329969130536,-0.0698291190190089,0.05672497158036556,0.21831838737448273,-0.18101006331652542,0.0413518252785076,0.10166906357399777,0.053331695404998304,-0.002861059419798903,0.20619918656779446,0.4042788180715462
Large firms,2021,EDU_ASSISTANCE,Tuition Assistance,ok,,166771,1199,0.19814957287595444,0.012192440250539402,2.1676439045119934e-59,0.027191069341060862,0.0029704242595970628,5.489681998190823e-20,0.036775075246533534,0.03593537647549074,-0.033658262645428316,0.10720841313849538,0.009584005905472676,0.03604850388806475,0.7903438131979623,-0.061071061715134226,0.08023907352607958,0.20773357878142712,0.03398256848716652,0.14112774454658072,0.2743394130162735,0.43069667347367935
Large firms,2021,PAID LEAVE,Paid Leave,ok,,166771,1199,0.20156334019043487,0.01417437285265688,6.859256025585272e-46,0.0069085243563741655,0.0020437951347799395,0.0007242174875023483,-0.004333474396399334,0.024000695136372437,-0.05137483686368931,0.04270788807089064,-0.0112419987527735,0.02406817834922313,0.640435686764091,-0.058415628317250834,0.035931630811703835,0.19032134143766138,0.019574440742361428,0.151955437582633,0.22868724529268977,0.4304756027254639
Large firms,2021,HEALTH_WELLBEING,Health and Wellbeing,ok,,166771,1199,0.19280627450038237,0.012375389104378963,9.984306687830947e-55,-0.0018879947104286266,0.003913687759539675,0.6295160619288215,0.05036026309068137,0.031248342094280394,-0.010886487414108206,0.11160701359547094,0.05224825780111,0.03136081513749086,0.09570617579361727,-0.009218939868372085,0.11371545547059209,0.24505453230149238,0.028886458277215477,0.18843707407815005,0.30167199052483473,0.430444596153838
Large firms,2021,PARENTAL_LEAVE,Parental Leave,ok,,166771,1199,0.20547760164855064,0.01203912891798069,2.591431442254766e-65,0.07307793145250752,0.005272828869417223,1.1169554684027144e-43,-0.03000104645080713,0.04232389264908223,-0.1129558760430083,0.05295378314139404,-0.10307897790331465,0.04265426340416663,0.015665531290283207,-0.18668133417548122,-0.019476621631148064,0.10239862374523599,0.040932870890425896,0.022170196800001235,0.18262705069047075,0.43122168353092283
Large firms,2021,CULTURE,Inclusive Workplace,ok,,166771,1199,0.20717286491931522,0.012726780555815935,1.4027092678477882e-59,-0.0008500233534416658,0.0033154518938571143,0.7976556138712192,-0.058697789272359614,0.028984128731145534,-0.11550668158540486,-0.001888896959314365,-0.05784776591891795,0.029167573576163407,0.047335011619431426,-0.11501621012819824,-0.0006793217096376716,0.14932509900039725,0.02633277180517253,0.09771286626225908,0.20093733173853542,0.4304503437125867
Large firms,2021,REMOTE_KW,Remote Work,ok,,166771,1199,0.1976703880128795,0.013024072997223872,4.99867902337706e-52,0.21988979547512907,0.004463137835793132,0.0,0.15310974905856994,0.0263590255845504,0.10144605891285116,0.20477343920428873,-0.06678004641655912,0.02667502821819064,0.012298323274389884,-0.11906310172421278,-0.014496991108905462,0.1308903415963204,0.023348251154713073,0.08512776933308278,0.17665291385955803,0.4412442674483975
Large firms,2022,EDU_ASSISTANCE,Tuition Assistance,ok,,214224,1952,0.19698168432605134,0.009852786794283344,6.402745064515068e-89,0.010243186607361364,0.002398784413606836,1.9533521282619983e-05,-0.015439616621151488,0.02587577814990025,-0.06615614179495598,0.035276908552653,-0.02568280322851285,0.025973450734682654,0.3227561971990678,-0.07659076666849085,0.025225160211465147,0.1712988810975385,0.02410918252288785,0.1240448833526783,0.21855287884239868,0.4580931741948929
Large firms,2022,PAID LEAVE,Paid Leave,ok,,214224,1952,0.19330319964521897,0.011056359038510597,1.9158148404991457e-68,0.010103494732409396,0.0017533482679806271,8.29259887934131e-09,0.01004567213139033,0.01916624401511565,-0.027520166138236345,0.047611510401017,-5.782260101906689e-05,0.01923393043484837,0.9976013383597688,-0.03775632625332187,0.037640681051283736,0.19324537704419992,0.015846716762133537,0.1621858121904182,0.22430494189798164,0.4581339569153513
Large firms,2022,HEALTH_WELLBEING,Health and Wellbeing,ok,,214224,1952,0.19712581524983044,0.009747314957329119,6.068666305253583e-91,-0.001610809917568691,0.003166817544674869,0.610995765811956,-0.03901710746518265,0.026295214746078474,-0.09055572836749645,0.012521513437131156,-0.03740629754761396,0.026432581815851338,0.15702197693275302,-0.08921415790668258,0.01440156281145466,0.15971951770221648,0.024649875619858447,0.11140576148729392,0.20803327391713905,0.4580550438358345
Large firms,2022,PARENTAL_LEAVE,Parental Leave,ok,,214224,1952,0.1896377285064782,0.009512651465043253,2.0102492095219714e-88,0.056280919977884904,0.0038253297552595725,5.343410725254152e-49,0.09874585455867085,0.03310878344901542,0.03385263899860064,0.16363907011874107,0.04246493458078594,0.0333177587260533,0.2024708477790822,-0.02283787252227852,0.10776774168385041,0.23210266308726413,0.03197661145374554,0.16942850463792286,0.2947768215366054,0.4586758569155964
Large firms,2022,CULTURE,Inclusive Workplace,ok,,214224,1952,0.1961592468523715,0.010756486088565864,2.65522726763109e-74,0.01648758799629081,0.002558462099019842,1.1610802883194941e-10,0.004442048443706423,0.01993389677705443,-0.03462838923932026,0.043512486126733106,-0.012045539552584389,0.020087055459313056,0.5487283423344452,-0.05141616825283798,0.0273250891476692,0.1841137072997871,0.01705919937275019,0.15067767652919672,0.21754973807037747,0.45815981022789354
Large firms,2022,REMOTE_KW,Remote Work,ok,,214224,1952,0.17394830377356582,0.010638892953743788,4.333699956518301e-60,0.15148921970917256,0.003274666160851073,0.0,0.17612900533884288,0.019154630467557564,0.13858592962243005,0.2136720810552557,0.02463978562967031,0.01940062179280556,0.20406634442271276,-0.013385433084228588,0.06266500434356921,0.19858808940323613,0.016289955427952592,0.16665977676444904,0.23051640204202323,0.4642834746137341
Large firms,2023,EDU_ASSISTANCE,Tuition Assistance,ok,,253536,2808,0.20782692133910932,0.009331725280567346,7.059648206758844e-110,0.016271413277023083,0.0020338811741543905,1.2423855938911738e-15,-0.0076417886599860416,0.01706861882732906,-0.041096281561551,0.025812704241578915,-0.023913201937009125,0.017186274447328388,0.1641002908838649,-0.057598299853772766,0.009771895979754516,0.1839137194021002,0.01451820572973369,0.15545803617182216,0.21236940263237822,0.4779349593568851
Large firms,2023,PAID LEAVE,Paid Leave,ok,,253536,2808,0.18692380087329616,0.011232541836011824,3.5009260360484856e-62,0.010033467299942238,0.0016139261384546378,5.073732131166466e-10,0.04623278848067609,0.015604623632116791,0.015647726161727184,0.076817850799625,0.03619932118073385,0.01567894549995625,0.020955490032487034,0.005468588000819601,0.0669300543606481,0.22312312205403,0.011082422241207,0.20140157446126428,0.24484466964679574,0.47791908307181075
Large firms,2023,HEALTH_WELLBEING,Health and Wellbeing,ok,,253536,2808,0.19299536132496725,0.008715455358503366,1.1908005433312678e-108,-0.011295078254861998,0.0025455527607363545,9.114466534295455e-06,0.06756820476721673,0.020717773197919814,0.026961369299293894,0.10817504023513956,0.07886328302207872,0.02087103307098221,0.00015771259603953507,0.037956058202953585,0.11977050784120385,0.271858644347046,0.019065054716540433,0.23449113710262673,0.3092261515914652,0.47787710636936953
Large firms,2023,PARENTAL_LEAVE,Parental Leave,ok,,253536,2808,0.18725162221853958,0.009251002203806785,4.244816868661773e-91,0.08973101722264623,0.0027822620276799306,3.3949851830886515e-228,0.14040516632634553,0.017031265661243945,0.1070238856303074,0.17378644702238366,0.0506741491036993,0.017238649249501248,0.00328672146972271,0.016886396574676853,0.08446190163272174,0.23792577132223888,0.014622249309923322,0.20926616267478917,0.2665853799696886,0.48016921792097655
Large firms,2023,CULTURE,Inclusive Workplace,ok,,253536,2808,0.205657106362707,0.0094433255245066,3.747783366560509e-105,0.03761221268910336,0.002226525622456647,5.0847540516441975e-64,0.02791918788480978,0.017324439583088762,-0.006036713698044191,0.06187508946766375,-0.009693024804293578,0.017455857674895152,0.5786978222897166,-0.04390650584708807,0.024520456238500916,0.19596408155841344,0.014762325591369443,0.16702992339932932,0.22489823971749756,0.47846155813836766
Large firms,2023,REMOTE_KW,Remote Work,ok,,253536,2808,0.2255179717247544,0.009000799115543153,1.5273807927113365e-138,0.11006399884701633,0.0029965061228687537,2.3571623742275233e-295,-0.004737886910568839,0.01837841713931051,-0.040759584503617434,0.031283810682479755,-0.11480188575758517,0.018591320249847595,6.615258703508416e-10,-0.15124087344728646,-0.07836289806788388,0.11071608596716924,0.01632961794245405,0.0787100347999593,0.14272213713437917,0.48085854407834827
Large firms,2024,EDU_ASSISTANCE,Tuition Assistance,ok,,266705,4102,0.2350188999808555,0.007361143701354989,1.1286739792872135e-223,0.0070572618106454444,0.001955526273469078,0.00030752050451036977,-0.03328130008468952,0.015375141088618908,-0.06341657661838257,-0.0031460235509964615,-0.04033856189533496,0.015490489852762745,0.00921197403079149,-0.07069992200674995,-0.009977201783919979,0.19468033808552054,0.013739390853281552,0.1677511320130887,0.2216095441579524,0.4899795381169668
Large firms,2024,PAID LEAVE,Paid Leave,ok,,266705,4102,0.2168805810739034,0.00891528996471815,1.0203266933477367e-130,-0.0003612382768974714,0.0015945259038000548,0.8207744395946884,0.025211030350550414,0.012846707332716326,3.1483978426415093e-05,0.05039057672267441,0.025572268627447884,0.012928768405315223,0.04793599547048116,0.00023188255303004807,0.05091265470186572,0.24245284970135128,0.0095474627235071,0.22373982276327736,0.2611658766394252,0.4899586188431675
Large firms,2024,HEALTH_WELLBEING,Health and Wellbeing,ok,,266705,4102,0.22590678927450275,0.007084828931472569,4.1759241137434516e-223,-0.012180293073007652,0.002420525833645203,4.851726544549179e-07,0.00959238140924167,0.018216414947728906,-0.026111791888306986,0.04529655470679033,0.021772674482249323,0.018368084932116575,0.23587769329291752,-0.014228771984699164,0.05777412094919781,0.24767946375675207,0.017055954418373123,0.21424979309674075,0.2811091344167634,0.48999521513565947
Large firms,2024,PARENTAL_LEAVE,Parental Leave,ok,,266705,4102,0.21402921497427982,0.0073560196461489894,4.058116070786319e-186,0.04277610552764975,0.002446902326124043,1.9738966024112637e-68,0.110457458329815,0.015436906061392667,0.08020112244948538,0.14071379421014463,0.06768135280216525,0.015608473794369799,1.4497174999109742e-05,0.037088744165200443,0.09827396143913006,0.2817105677764451,0.013893136243215786,0.2544800207397422,0.308941114813148,0.49061379330247634
Large firms,2024,CULTURE,Inclusive Workplace,ok,,266705,4102,0.2223258230011379,0.008298999360539483,4.28582033641249e-158,0.0378369629804867,0.002044566969090162,1.84372482532922e-76,0.04681622486588463,0.013064557840611585,0.021209691498285926,0.07242275823348333,0.00897926188539793,0.013211294377012293,0.4967162431269664,-0.016914875093546163,0.03487339886434203,0.23130508488653584,0.010436638102717884,0.2108492742052088,0.2517608955678629,0.4906466134850962
Large firms,2024,REMOTE_KW,Remote Work,ok,,266705,4102,0.2503155971199069,0.007566966981198839,5.755460669209745e-240,0.11082631784816249,0.0028210010241836985,0.0,0.0024081124483039396,0.01466136541858446,-0.0263281637721216,0.03114438866872948,-0.10841820539985855,0.014897238186705814,3.394622707083448e-13,-0.13761679224580195,-0.07921961855391516,0.14189739172004837,0.012920500104138555,0.1165732115159368,0.16722157192415993,0.49322455706801405
Large firms,2025,EDU_ASSISTANCE,Tuition Assistance,ok,,312430,8479,0.23967304676499787,0.0051490890592354325,0.0,0.008806913730022459,0.0018403378155735111,1.7057274822842907e-06,-0.01824587709619921,0.01148476308422997,-0.040756012741289954,0.004264258548891533,-0.027052790826221668,0.011623659749374803,0.0199445112817639,-0.04983516393499628,-0.004270417717447055,0.2126202559387762,0.010553176908306277,0.1919360291984959,0.2333044826790565,0.5089122649728769
Large firms,2025,PAID LEAVE,Paid Leave,ok,,312430,8479,0.21320128735715582,0.006221487687236619,2.3097772295204297e-257,0.0025864312494243797,0.0015254588228743487,0.0899786451998177,0.052472212958925596,0.00895245215883031,0.034925406727618194,0.070019019190233,0.04988578170950122,0.009059240338110378,3.6579147906930025e-08,0.03212967064680488,0.06764189277219756,0.263087069066657,0.0068128901023539554,0.24973380446604326,0.2764403336672708,0.5089390670229172
Large firms,2025,HEALTH_WELLBEING,Health and Wellbeing,ok,,312430,8479,0.23561988435993333,0.00498600354580991,0.0,-0.010040933235661232,0.0021633357778025643,3.4603592527734007e-06,-0.014176779713593771,0.01337684603222177,-0.04039539793674844,0.012041838509560896,-0.0041358464779325385,0.013543925315688404,0.7600878536355808,-0.03068194009668181,0.02241024714081673,0.2314840378820008,0.01271408233840487,0.20656443649872727,0.2564036392652744,0.5089096863902223
Large firms,2025,PARENTAL_LEAVE,Parental Leave,ok,,312430,8479,0.2294706834626185,0.005203375379314944,0.0,0.06027033364976862,0.002198876324204989,2.1070287087852024e-165,0.08628373266720567,0.010930751530995512,0.06485945966645447,0.10770800566795687,0.026013399017437048,0.011125820378270921,0.019381509350742378,0.004206791076026041,0.047820006958848055,0.25548408248005555,0.009978473743275113,0.23592627394323634,0.27504189101687476,0.5100736938618066
Large firms,2025,CULTURE,Inclusive Workplace,ok,,312430,8479,0.22147764166456646,0.00522219585886606,0.0,0.024410375073112393,0.002068132136861934,3.761825292701088e-32,0.07922288174529499,0.010738583076500439,0.058175258915354126,0.10027050457523584,0.05481250667218259,0.010927022690875601,5.269404667179708e-07,0.03339554219806641,0.07622947114629877,0.27629014833674903,0.009754809841477698,0.25717072104745275,0.2954095756260453,0.5091940951901985
Large firms,2025,REMOTE_KW,Remote Work,ok,,312430,8479,0.24987769888188077,0.005408393779107755,0.0,0.06093158612863562,0.0025671186147391686,1.554926686186745e-124,-0.009501460673528507,0.01003586093143685,-0.02917174809914473,0.010168826752087717,-0.07043304680216413,0.010333917447646791,9.379540888262562e-12,-0.09068752499955184,-0.050178568604776416,0.17944465207971666,0.008936554229167122,0.16192900579054909,0.19696029836888423,0.5097858143286511
S&P 500 firms,Pooled 2018-2025,EDU_ASSISTANCE,Tuition Assistance,ok,,291392,12045,0.23095291912340096,0.003944250944887075,0.0,-0.005703754309739746,0.0018003116815540716,0.0015338395707054705,0.04078918737650691,0.009776851618175335,0.02162655820488325,0.05995181654813056,0.04649294168624665,0.009832838764289462,2.2637006115819923e-06,0.027220577708239307,0.065765305664254,0.2774458608096476,0.009108911998872078,0.25959239329185835,0.2952993283274369,0.7025239465120543
S&P 500 firms,Pooled 2018-2025,PAID LEAVE,Paid Leave,ok,,291392,12045,0.23563948226485307,0.004394289671616859,0.0,-0.018968909307010427,0.0015045126760501264,1.9075122483741734e-36,-0.019541468974370813,0.0074480909730794895,-0.03413972728160661,-0.004943210667135014,-0.000572559667360386,0.007533334638347712,0.9394163275791324,-0.015337895558521901,0.01419277622380113,0.23506692259749268,0.0062665172582023546,0.22278454877141607,0.2473492964235693,0.7026657787138775
S&P 500 firms,Pooled 2018-2025,HEALTH_WELLBEING,Health and Wellbeing,ok,,291392,12045,0.23458380869139464,0.0038391623062862344,0.0,0.027721730969966808,0.00200634233098621,2.0114724830489994e-43,0.06246046182605596,0.011548730582897558,0.03982494988357675,0.08509597376853517,0.03473873085608915,0.011669551620645428,0.0029120805313220385,0.011866409679624115,0.05761105203255419,0.2693225395474838,0.01112602929954798,0.24751552212036976,0.29112955697459786,0.7027179728481513
S&P 500 firms,Pooled 2018-2025,PARENTAL_LEAVE,Parental Leave,ok,,291392,12045,0.23723879567053802,0.003963782741125512,0.0,-0.008473952243533922,0.0020447507699532658,3.409321198628492e-05,-0.008918895358761253,0.009341493755992063,-0.0272282231205057,0.009390432402983193,-0.0004449431152273309,0.009502621396493742,0.9626541406438021,-0.019070081052355064,0.018180194821900402,0.23679385255531069,0.008751719332901139,0.21964048266282446,0.25394722244779694,0.7025147229460693
S&P 500 firms,Pooled 2018-2025,CULTURE,Inclusive Workplace,ok,,291392,12045,0.22599671061151602,0.0046918072018917135,0.0,0.08055684597276608,0.0018619172600061146,0.0,0.09134891621704833,0.006876840047601656,0.07787030972374909,0.10482752271034756,0.01079207024428225,0.007086080417828152,0.12775977281847917,-0.0030966473746609283,0.024680787863225428,0.23678878085579827,0.005488957601983048,0.2260304239559115,0.24754713775568504,0.7048318584597753
S&P 500 firms,Pooled 2018-2025,REMOTE_KW,Remote Work,ok,,291392,12045,0.261669038216891,0.004143471815837339,0.0,0.11285376676295786,0.002439711858162827,0.0,0.0017378572165431955,0.007885447549590405,-0.013717619980653998,0.017193334413740387,-0.11111590954641466,0.008176834877835049,4.6469594916950675e-42,-0.12714250590697135,-0.09508931318585796,0.15055312867047638,0.00714834963943255,0.13654236337718859,0.16456389396376417,0.7050333929435275
S&P 500 firms,Through 2022,EDU_ASSISTANCE,Tuition Assistance,ok,,111152,1791,0.19428188408297353,0.009922713854858515,2.3122997868500013e-85,-0.027079244099078942,0.0029738368669592176,8.561165976237986e-20,0.07233336522032233,0.03556706030948162,0.002621927013738354,0.14204480342690629,0.09941260931940127,0.035658293170496,0.005304699606797535,0.029522354705229112,0.1693028639335734,0.2936944934023748,0.03436107014370934,0.2263467959207045,0.3610421908840451,0.6697005966047419
S&P 500 firms,Through 2022,PAID LEAVE,Paid Leave,ok,,111152,1791,0.1859565131813728,0.010833026917736428,4.796475269771579e-66,-0.015491658021435342,0.0021953024363022965,1.7046556891470229e-12,0.04807394406579621,0.022274778958181547,0.004415377307760378,0.09173251082383205,0.06356560208723155,0.02232147243025794,0.0044031796591712516,0.019815516123925993,0.10731568805053712,0.24952211526860435,0.01969494485514026,0.21092002335252943,0.28812420718467924,0.6696092314181075
S&P 500 firms,Through 2022,HEALTH_WELLBEING,Health and Wellbeing,ok,,111152,1791,0.19632454939850819,0.009988687239093,5.27101331181827e-86,-0.0032712185881053997,0.0030337739608364447,0.28091458406304415,0.060727807913262453,0.03342246051293063,-0.004780214692081584,0.12623583051860648,0.06399902650136785,0.033500725820151095,0.056084650048628594,-0.0016623961061282971,0.12966044910886398,0.26032357589987604,0.032095540169263574,0.19741631716811942,0.32323083463163266,0.6694598240625746
S&P 500 firms,Through 2022,PARENTAL_LEAVE,Parental Leave,ok,,111152,1791,0.1896519430419264,0.009963269656953317,8.73074772973901e-81,-0.030011674712545837,0.003981350161381318,4.769975693732804e-14,0.0945214401862102,0.03379298222623593,0.028287195022787773,0.16075568534963264,0.12453311489875603,0.03399345284000503,0.0002488465242646063,0.057905947332346164,0.1911602824651659,0.3141850579406824,0.03254414019162034,0.25039854316510657,0.37797157271625825,0.6696473628187329
S&P 500 firms,Through 2022,CULTURE,Inclusive Workplace,ok,,111152,1791,0.21796691451401845,0.012046265866874063,3.5438331379613976e-73,0.033487315139689,0.003047826822279964,4.400047754236852e-28,-0.01845698899637345,0.019179185847569814,-0.05604819325761028,0.019134215264863384,-0.05194430413606245,0.019355409874968272,0.007281026508034381,-0.08988090749100026,-0.014007700781124635,0.16602261037795601,0.01535044701321355,0.13593573423205746,0.19610948652385457,0.669841303477096
S&P 500 firms,Through 2022,REMOTE_KW,Remote Work,ok,,111152,1791,0.21861593948077007,0.011118488501540619,4.5297521716860104e-86,0.10314614201087888,0.004709161972021316,2.4168227295612544e-106,0.023600854710513736,0.02079017601239251,-0.017147890273775585,0.06434959969480306,-0.07954528730036514,0.021125624127370575,0.00016631851366091232,-0.12095151059001147,-0.038139064010718815,0.13907065218040493,0.018075252916584836,0.10364315646389866,0.1744981478969112,0.6713983693906977
S&P 500 firms,Post-2022,EDU_ASSISTANCE,Tuition Assistance,ok,,180240,10254,0.21142185879986092,0.004163743115661724,0.0,0.0026654741569901285,0.002291832695387688,0.2448166267607007,0.060993691994121725,0.010093002035332185,0.041211408004870644,0.0807759759833728,0.058328217837131595,0.010144034038596749,8.924229831244888e-09,0.03844591112148196,0.07821052455278123,0.2697500766369925,0.009346512317740613,0.2514309124942209,0.28806924077976415,0.6762034697917623
S&P 500 firms,Post-2022,PAID LEAVE,Paid Leave,ok,,180240,10254,0.21931428429952377,0.004632137418225433,0.0,-0.005074810666301997,0.0020701168283251926,0.014227760431073178,-0.00415327025444264,0.007794421177772417,-0.019430335762876578,0.011123795253991296,0.000921540411859357,0.007901220085761395,0.907151145777249,-0.014564850956232975,0.01640793177995169,0.22023582471138312,0.0065369717237081446,0.20742336013291515,0.23304828928985108,0.6761537467905105
S&P 500 firms,Post-2022,HEALTH_WELLBEING,Health and Wellbeing,ok,,180240,10254,0.21984233152132632,0.0040055179925019176,0.0,0.09038658719075669,0.0026857008616808687,2.6570765706329055e-248,0.10343623757503549,0.012374203993867799,0.07918279774705461,0.12768967740301637,0.013049650384278797,0.012555188359987738,0.29862660858743295,-0.01155851880129717,0.03765781956985476,0.23289198190560512,0.012015102115953087,0.20934238175833708,0.25644158205287315,0.6783301563315384
S&P 500 firms,Post-2022,PARENTAL_LEAVE,Parental Leave,ok,,180240,10254,0.22431514220553034,0.004171712295037305,0.0,0.019477437146941022,0.00241956002166226,8.279991556530072e-16,-0.0005885114748163355,0.009573735544148579,-0.01935303314134755,0.01817601019171488,-0.020065948621757358,0.009771715470424918,0.04002677788774441,-0.0392185109437902,-0.0009133862997245182,0.20424919358377297,0.008968305981063974,0.1866713138608876,0.22182707330665835,0.6762676770882287
S&P 500 firms,Post-2022,CULTURE,Inclusive Workplace,ok,,180240,10254,0.21630311994775778,0.005010444006095071,0.0,0.0966973995667595,0.002327206776786026,0.0,0.08743304888043779,0.00708620612571362,0.0735440848740391,0.10132201288683648,-0.009264350686321709,0.007373714379367102,0.2089701982787021,-0.02371683086988123,0.005188129497237811,0.20703876926143608,0.005603171328027577,0.19605655345850204,0.21802098506437012,0.6798647275956693
S&P 500 firms,Post-2022,REMOTE_KW,Remote Work,ok,,180240,10254,0.23955602115729016,0.0043079585353161705,0.0,0.11731755464537846,0.0028462338391154595,0.0,0.0263359272882719,0.008404075757842135,0.009863938802901318,0.042807915773642485,-0.09098162735710656,0.008753581953020362,2.6502567481213847e-25,-0.10813864798502647,-0.07382460672918666,0.1485743938001836,0.007725916189832355,0.1334315980681122,0.16371718953225503,0.6794804531184011
S&P 500 firms,2018,EDU_ASSISTANCE,Tuition Assistance,ok,,7810,137,0.20871422164006836,0.03912917096323582,9.608302537886387e-08,-0.0006739873224555005,0.01569541151918406,0.9657480243778115,0.1492026767354871,0.17539440357851208,-0.19457035427839658,0.4929757077493708,0.1498766640579426,0.17590234475009361,0.39418927190928066,-0.1948919316522409,0.49464525976812607,0.35859088569801095,0.17199637718449637,0.021477986416398087,0.6957037849796238,0.6118529094362866
S&P 500 firms,2018,PAID LEAVE,Paid Leave,ok,,7810,137,0.20103590952904557,0.039051046885255174,2.632382446996176e-07,-0.00660396822181999,0.013394321667890733,0.621982643326173,0.173135532606401,0.16343421042670161,-0.14719551982993415,0.4934665850427361,0.179739500828221,0.16384609090874033,0.2726404873765109,-0.14139883735291003,0.500877839009352,0.3807754103572666,0.15994984114346628,0.06727372171607271,0.6942770989984605,0.6119316469232345
S&P 500 firms,2018,HEALTH_WELLBEING,Health and Wellbeing,skipped_sparse_interaction_cells,,7810,137,,,,,,,,,,,,,,,,,,,,
S&P 500 firms,2018,PARENTAL_LEAVE,Parental Leave,skipped_sparse_interaction_cells,,7810,137,,,,,,,,,,,,,,,,,,,,
S&P 500 firms,2018,CULTURE,Inclusive Workplace,ok,,7810,137,0.2255208099060098,0.04178262073757704,6.758385409673748e-08,0.10067281933192557,0.014091055851975776,9.035808996294253e-13,-0.03171490685083439,0.07744609406561584,-0.18350925121944142,0.12007943751777264,-0.13238772618275996,0.07833311076684028,0.09101630790709996,-0.28592062328576695,0.02114517092024701,0.09313308372324985,0.06797639877401225,-0.040100657873814144,0.22636682532031385,0.6143256165295651
S&P 500 firms,2018,REMOTE_KW,Remote Work,skipped_sparse_interaction_cells,,7810,137,,,,,,,,,,,,,,,,,,,,
S&P 500 firms,2019,EDU_ASSISTANCE,Tuition Assistance,ok,,13532,143,0.20362892906913904,0.032336522921264266,3.031078047328567e-10,-0.01079988684869837,0.010848943519114447,0.31950373809537336,-0.03179891390392042,0.06919553553652157,-0.16742216355550268,0.10382433574766184,-0.020999027055222053,0.06979942257701306,0.763530290919877,-0.15780589530616765,0.11580784119572354,0.182629902013917,0.062217608731647875,0.060683388899887156,0.3045764151279468,0.5734221774532405
S&P 500 firms,2019,PAID LEAVE,Paid Leave,ok,,13532,143,0.21065545210213799,0.03182745183938126,3.624409730943273e-11,-0.0036705880554016995,0.008731997182000817,0.6742220059939024,-0.20658799051962856,0.22841577768165844,-0.654282914775679,0.24110693373642195,-0.20291740246422685,0.2285283106945897,0.37457779524189627,-0.6508328914256227,0.24499808649716898,0.007738049637911137,0.22571886231388572,-0.4346709204973049,0.45014701977312715,0.573450758257916
S&P 500 firms,2019,HEALTH_WELLBEING,Health and Wellbeing,skipped_sparse_interaction_cells,,13532,143,,,,,,,,,,,,,,,,,,,,
S&P 500 firms,2019,PARENTAL_LEAVE,Parental Leave,ok,,13532,143,0.2058635539414892,0.032318450255355846,1.8921798554255675e-10,-0.07044587792320278,0.01891635074901016,0.00019603391984607507,-0.13621922103240924,0.1178260541751162,-0.367158287215637,0.0947198451508185,-0.06577334310920646,0.11907164643660606,0.5806848832774847,-0.29915377012495437,0.16760708390654142,0.14009021083228274,0.11493605160693968,-0.08518445031731903,0.3653648719818845,0.573779469005872
S&P 500 firms,2019,CULTURE,Inclusive Workplace,ok,,13532,143,0.22213167776738185,0.03620118754442057,8.460764279893911e-10,0.03074891101846955,0.009515168756510544,0.0012311320135786944,-0.09189515838230877,0.059898276736654196,-0.209295780786151,0.025505464021533447,-0.12264406940077832,0.06054343869890438,0.04279346098986788,-0.2413092092506309,-0.003978929550925742,0.09948760836660353,0.04966165190343418,0.0021507706358725315,0.19682444609733452,0.57373726554423
S&P 500 firms,2019,REMOTE_KW,Remote Work,ok,,13532,143,0.2117564329229213,0.03218596770815429,4.73133057933246e-11,0.07069176807704236,0.028172551436238286,0.012099033530298276,-0.15847388531842743,0.14861918116362377,-0.44976748039913,0.13281970976227514,-0.2291656533954698,0.15117164110580997,0.1295370075515133,-0.5254620699628574,0.06713076317191774,-0.017409220472548503,0.14789066326240638,-0.307274920466865,0.272456479521768,0.5736861779451654
S&P 500 firms,2020,EDU_ASSISTANCE,Tuition Assistance,skipped_sparse_interaction_cells,,24545,103,,,,,,,,,,,,,,,,,,,,
S&P 500 firms,2020,PAID LEAVE,Paid Leave,ok,,24545,103,0.24191682053200864,0.03637086619205514,2.9033754323731115e-11,-0.0028286515878821043,0.0038886951194280345,0.4669786303327397,-0.08683342277817578,0.16341903479795386,-0.40713473098216535,0.23346788542581376,-0.08400477119029368,0.16346694853851465,0.6073257299202796,-0.40439999032578233,0.236390447945195,0.15791204934171496,0.15943272328238775,-0.15457608829176503,0.4704001869751949,0.5530289339644378
S&P 500 firms,2020,HEALTH_WELLBEING,Health and Wellbeing,skipped_sparse_interaction_cells,,24545,103,,,,,,,,,,,,,,,,,,,,
S&P 500 firms,2020,PARENTAL_LEAVE,Parental Leave,ok,,24545,103,0.24309676204775146,0.036449663806574176,2.5688136655942155e-11,-0.07155780159953912,0.010700632148162654,2.2740332722064033e-11,-0.1810677024804837,0.1679392717691267,-0.5102286751479721,0.14809327018700463,-0.1095099008809446,0.16826391045546557,0.5151612198632165,-0.4393071653736571,0.22028736361176793,0.13358686116680685,0.164775445799017,-0.18937301259926648,0.45654673493288017,0.5539243547870482
S&P 500 firms,2020,CULTURE,Inclusive Workplace,ok,,24545,103,0.26877468889069955,0.041126994113950606,6.350852765498723e-11,0.03979981728210802,0.01086829886231824,0.0002502442537512354,-0.13345107629085934,0.07671738611852157,-0.2838171530831616,0.01691500050144293,-0.17325089357296736,0.07742597287687472,0.0252450132279873,-0.32500580041164184,-0.0214959867342929,0.0955237953177322,0.06622909333144217,-0.03428522761189445,0.22533281824735885,0.5534560020789658
S&P 500 firms,2020,REMOTE_KW,Remote Work,ok,,24545,103,0.23508537875109833,0.03718836413404219,2.590753851482984e-10,-0.004272897224333675,0.018300459697275163,0.8153842053783869,-0.0009013057197340053,0.09415092243623915,-0.18543711369476276,0.18363450225529473,0.00337159150459967,0.09607454377223479,0.9720051885972308,-0.1849345142889805,0.19167769729817985,0.238456970255698,0.08890653358620541,0.0642001644267354,0.41271377608466064,0.5530074866166044
S&P 500 firms,2021,EDU_ASSISTANCE,Tuition Assistance,ok,,30488,456,0.16296081795064055,0.019200659575439514,2.115823795515511e-17,-0.03988058952802733,0.005388795604009779,1.3551961528460406e-13,0.18337360170497333,0.0666762990223869,0.05268805562109499,0.3140591477888517,0.22325419123300067,0.06682577156722319,0.0008352542971301689,0.09227567896124322,0.3542327035047581,0.3862150091836412,0.06408195894524454,0.2606143696509619,0.5118156487163206,0.6796544187151015
S&P 500 firms,2021,PAID LEAVE,Paid Leave,ok,,30488,456,0.16104029317834756,0.020651482357142075,6.289519525217077e-15,-0.0028075346554124712,0.004078472679807096,0.4912141893127947,0.0832544804960296,0.04592349301002391,-0.006755565803617261,0.17326452679567644,0.08606201515144207,0.045989548739235504,0.06129817134675097,-0.00407750037745952,0.17620153068034367,0.24710230832978963,0.04115054072998879,0.1664472484990116,0.32775736816056766,0.6789900566620932
S&P 500 firms,2021,HEALTH_WELLBEING,Health and Wellbeing,ok,,30488,456,0.16829204943723297,0.019020598399270703,8.91942405387413e-19,0.0026315145821205685,0.004925684512755109,0.5931731261420343,0.1702155803610091,0.07546189935950819,0.022310257616373036,0.3181209031056451,0.1675840657788885,0.07560765060224203,0.026657541890854067,0.019393070598494128,0.31577506095928287,0.3358761152161215,0.07328618294394568,0.19223519664598795,0.479517033786255,0.6790221292560772
S&P 500 firms,2021,PARENTAL_LEAVE,Parental Leave,ok,,30488,456,0.18023472502822943,0.01940662867996434,1.582867381270043e-20,0.0261762789306538,0.006998138193984189,0.00018368138191244093,0.0197071328992017,0.06288337968781743,-0.10354429128892047,0.14295855708732386,-0.0064691460314521,0.06314292259772579,0.9183975672620239,-0.13022927432299464,0.11729098226009045,0.17376557899677733,0.060077221977872644,0.05601422392014695,0.29151693407340773,0.6790794054600182
S&P 500 firms,2021,CULTURE,Inclusive Workplace,ok,,30488,456,0.17247395048220748,0.024176586754676477,9.75466779128476e-13,0.04460037334711947,0.006033313732076561,1.44255013681629e-13,0.0551025046349017,0.03661866801532682,-0.016670084675138877,0.12687509394494229,0.010502131287782226,0.036932886941173665,0.7761366765349891,-0.06188632711691816,0.08289058969248261,0.1829760817699897,0.028207818923921348,0.12768875667910384,0.23826340686087555,0.6796033729375345
S&P 500 firms,2021,REMOTE_KW,Remote Work,ok,,30488,456,0.1908436968698989,0.021474062636321796,6.26837049980244e-19,0.06426411552338093,0.00895891901707168,7.326483943602094e-13,0.007840788624044637,0.0412380923751296,-0.07298587243120937,0.08866744967929864,-0.056423326899336296,0.041831958809071326,0.17739828959751114,-0.1384139661651161,0.025567312366443495,0.13442036997056261,0.03602642560110492,0.06380857579239697,0.20503216414872827,0.6796531769604169
S&P 500 firms,2022,EDU_ASSISTANCE,Tuition Assistance,ok,,34777,952,0.1851582342084014,0.013395025630345603,1.854198499603225e-43,-0.05394084374968496,0.005183010283786024,2.2978167159268437e-25,0.03869803428463354,0.04468368065448462,-0.04888197979815632,0.1262780483674234,0.0926388780343185,0.044912166578542634,0.039144205033083045,0.004611031540374941,0.18066672452826205,0.2777971122427199,0.04304835523298278,0.19342233598607367,0.36217188849936616,0.6665185472555202
S&P 500 firms,2022,PAID LEAVE,Paid Leave,ok,,34777,952,0.15733017739803956,0.015252667311412772,6.032600296950027e-25,-0.06038567278985749,0.004307927953955169,1.2211340914147543e-44,0.04807023142247931,0.02675072821793344,-0.004361195884670231,0.10050165872962885,0.1084559042123368,0.026939116816888754,5.67424623729466e-05,0.05565523525123485,0.16125657317343878,0.26578608161037637,0.02249312066872122,0.22169956509968278,0.30987259812106993,0.6675604276587096
S&P 500 firms,2022,HEALTH_WELLBEING,Health and Wellbeing,ok,,34777,952,0.19171537030086916,0.013727928168903314,2.53643653579965e-44,0.0014982867138043096,0.007262106961535796,0.8365443120153987,0.02058413691344839,0.037024556925237116,-0.05198399466001635,0.09315226848691313,0.01908585019964408,0.03732809803937718,0.6091411237016838,-0.054077221957535185,0.09224892235682335,0.21080122050051325,0.03487248697774299,0.142451146024137,0.2791512949768895,0.6655437662885457
S&P 500 firms,2022,PARENTAL_LEAVE,Parental Leave,ok,,34777,952,0.16794059935693373,0.013369524589485706,3.439756474566943e-36,-0.06406943896296596,0.00631363098477675,3.389313268314203e-24,0.1638677834232755,0.04162503474168932,0.08228271532956442,0.24545285151698654,0.22793722238624145,0.04208274995980873,6.080923504701433e-08,0.14545503246501634,0.31041941230746656,0.3958778217431752,0.03994153342826817,0.3175924162237696,0.4741632272625808,0.666730175070805
S&P 500 firms,2022,CULTURE,Inclusive Workplace,ok,,34777,952,0.2118137283035336,0.016478515689136698,8.1746559561963e-38,0.013927697430686614,0.0048956337610745375,0.004442226420569961,-0.03006125570081101,0.025634361839209332,-0.0803046049056613,0.02018209350403928,-0.04398895313149762,0.02590241082659071,0.08945924750499355,-0.09475767835161542,0.00677977208862017,0.16782477517203598,0.020185530195982657,0.12826113598790997,0.20738841435616198,0.6656416762216804
S&P 500 firms,2022,REMOTE_KW,Remote Work,ok,,34777,952,0.21721344613562488,0.01587639328479145,1.3089810928653837e-42,0.13695501131141458,0.006283721123895725,2.5761728132921525e-105,0.058010435126855955,0.02579902084325417,0.0074443542740777816,0.10857651597963414,-0.07894457618455862,0.026254675173950772,0.0026394662848807106,-0.13040373952550213,-0.02748541284361511,0.13826886995106624,0.021105462938003666,0.09690216259257906,0.17963557730955343,0.6711902213336156
S&P 500 firms,2023,EDU_ASSISTANCE,Tuition Assistance,ok,,45042,1621,0.20393523865502966,0.010274095737216644,1.1139454799701304e-87,0.0016347034505751101,0.004730052451513038,0.7296437713053725,0.006152189898122284,0.027319517808900625,-0.04739406500732295,0.05969844480356751,0.004517486447547174,0.027589399246029152,0.8699358779803069,-0.04955773607466996,0.05859270896976431,0.20845272510257684,0.025751189711516926,0.15798039326800367,0.25892505693715,0.6628064129176243
S&P 500 firms,2023,PAID LEAVE,Paid Leave,ok,,45042,1621,0.19691630474882155,0.011979762560616487,1.0323252697692169e-60,0.0018231339543294067,0.003952974649083902,0.6446511207703909,0.02342698099825448,0.019426210945864046,-0.01464839245563905,0.06150235445214801,0.02160384704392507,0.019645314007109504,0.2714651791790814,-0.01690096841000956,0.060108662497859705,0.21852015179274661,0.01578639669417354,0.18757881427216647,0.24946148931332676,0.6628181722333137
S&P 500 firms,2023,HEALTH_WELLBEING,Health and Wellbeing,ok,,45042,1621,0.20282144690387105,0.010470365051475786,1.355968705605858e-83,0.04103484937559574,0.005266456068014811,6.609332619883307e-15,0.05406154307134863,0.02471451536624577,0.005621092953506927,0.10250199318919034,0.01302669369575289,0.025048180333613126,0.6030179437628094,-0.03606773975812883,0.062121127149634615,0.21584814059962393,0.022966416337304976,0.1708339645785062,0.26086231662074166,0.6632765271017396
S&P 500 firms,2023,PARENTAL_LEAVE,Parental Leave,ok,,45042,1621,0.1941160508249908,0.010270244925098404,1.1229365632716915e-79,0.06194908648413043,0.005325253744644509,2.798257634884408e-31,0.11784415885569133,0.026525824498546142,0.06585354283854089,0.16983477487284176,0.05589507237156089,0.026975461936147,0.03825882041258876,0.003023166976712774,0.108766977766409,0.2500111231965517,0.02513025374509602,0.20075582585616353,0.2992664205369399,0.6641010747367713
S&P 500 firms,2023,CULTURE,Inclusive Workplace,ok,,45042,1621,0.2062389380080002,0.012371836498122056,2.1647051994458982e-62,0.06841094837581864,0.004498987424951753,3.2338314389705152e-52,0.050268873597993285,0.018491918194394084,0.014024713936980883,0.0865130332590057,-0.018142074777825354,0.018958593477365327,0.33860184443877206,-0.055300917993461395,0.019016768437810687,0.18809686323017483,0.014665148397078664,0.15935317237190064,0.21684055408844902,0.6648020001398662
S&P 500 firms,2023,REMOTE_KW,Remote Work,ok,,45042,1621,0.23003833968032503,0.01124863792350653,5.967215312432807e-93,0.1419764592544312,0.005848005465790861,3.3678115577226128e-130,0.0396841981818912,0.020022486394551266,0.0004401248485707207,0.07892827151521167,-0.10229226107254,0.020548710392301044,6.423204942130868e-07,-0.14256773344145005,-0.06201678870362995,0.12774607860778503,0.017346094186756682,0.09374773400174194,0.16174442321382812,0.6681469142847618
S&P 500 firms,2024,EDU_ASSISTANCE,Tuition Assistance,ok,,60663,3103,0.18490002767127614,0.007331894290506129,2.5051835785663915e-140,0.026681183581301875,0.0038641111907716554,5.0249592733888986e-12,0.10651116004817211,0.024344282619216857,0.05879636611450707,0.15422595398183714,0.07982997646687023,0.024431492546519076,0.0010850069646939362,0.03194425107569285,0.12771570185804762,0.2647300041381464,0.02342527343067613,0.21881646821402118,0.31064354006227163,0.6813136455152802
S&P 500 firms,2024,PAID LEAVE,Paid Leave,ok,,60663,3103,0.1916447853527646,0.008421327905028456,1.2212742202144925e-114,0.015121715592852683,0.0036730232216481288,3.8389092474842394e-05,0.018004932602241522,0.0144522608310515,-0.010321498626619418,0.046331363831102465,0.0028832170093888378,0.01459991958207327,0.8434505969645181,-0.02573262537147477,0.031499059390252444,0.19452800236215345,0.012176558749698436,0.17066194721274452,0.21839405751156238,0.6810704796382354
S&P 500 firms,2024,HEALTH_WELLBEING,Health and Wellbeing,ok,,60663,3103,0.18488377233352066,0.007302321661506061,1.9989059351745047e-141,0.11930087305023927,0.004603677713179649,4.6008843152958284e-148,0.1949060307785742,0.023638045049987677,0.14857546248059836,0.24123659907655007,0.07560515772833493,0.02383993382554108,0.0015172380202122752,0.028878887430274412,0.12233142802639543,0.2604889300618556,0.022851490689552705,0.2157000083103323,0.3052778518133789,0.6848314204743366
S&P 500 firms,2024,PARENTAL_LEAVE,Parental Leave,ok,,60663,3103,0.19373516771963792,0.007748537480938467,5.698790759891409e-138,0.03868050757196446,0.003999302132755065,3.9727173935788583e-22,0.029375970284167024,0.01697686881538137,-0.0038986925939804573,0.0626506331623145,-0.009304537287797433,0.017255521647808345,0.5897344658200168,-0.04312535971750179,0.024516285141906922,0.1844306304318405,0.015669505421398396,0.15371839980589963,0.21514286105778135,0.6814954271668436
S&P 500 firms,2024,CULTURE,Inclusive Workplace,ok,,60663,3103,0.19260946037666207,0.009192719209160078,1.7843790465913215e-97,0.12274387484609674,0.004138984339227783,2.87599207754467e-193,0.09600235401300693,0.013038133795887462,0.0704476117730675,0.12155709625294635,-0.026741520833089807,0.013462272171424886,0.04698840420170473,-0.05312757428908258,-0.00035546737709703236,0.16586793954357226,0.010200469613287426,0.14587501910152892,0.1858608599856156,0.686533192510401
S&P 500 firms,2024,REMOTE_KW,Remote Work,ok,,60663,3103,0.2181002823434997,0.007903247729407585,1.2329834418330276e-167,0.13830899613062134,0.004895687068936107,1.3761449257595834e-175,0.02374315778954568,0.015094125366988754,-0.0058413279297522755,0.053327643508843635,-0.11456583834107566,0.015669994803595825,2.648460484279137e-13,-0.14527902815612348,-0.08385264852602783,0.10353444400242405,0.013787772475708159,0.07651040995003605,0.13055847805481205,0.6857089708602218
S&P 500 firms,2025,EDU_ASSISTANCE,Tuition Assistance,ok,,74535,5530,0.20926512642838754,0.005698697066135716,3.30588850731123e-295,-0.003913375478196319,0.003758327735316416,0.29775747096315297,0.06230959702737766,0.012065113052294902,0.03866197544487965,0.08595721860987567,0.06622297250557398,0.01206101334251773,4.0042533955059867e-08,0.04258338635423922,0.08986255865690873,0.27548809893396153,0.010781186816316237,0.2543569727739817,0.29661922509394134,0.6976213915525606
S&P 500 firms,2025,PAID LEAVE,Paid Leave,ok,,74535,5530,0.22414604652582493,0.006128843981239782,7.879690994632967e-293,0.006004409246005453,0.003342714993661456,0.072452034395787,0.002063938236422017,0.010321890259346985,-0.01816696667189807,0.02229484314474211,-0.003940471009583436,0.010456206511432045,0.7062815563433849,-0.024434635771990242,0.01655369375282337,0.22020557551624148,0.008674531896496435,0.20320349299910848,0.23720765803337449,0.6975292934829762
S&P 500 firms,2025,HEALTH_WELLBEING,Health and Wellbeing,ok,,74535,5530,0.22562468390629684,0.005267517679442075,0.0,0.11008619519842648,0.004320899100109912,3.4908992042020437e-143,0.09886432449061047,0.01739965993195576,0.06476099102397719,0.13296765795724375,-0.011221870707816006,0.017730187073829024,0.5267829138914559,-0.0459730373725209,0.023529295956888883,0.21440281319848084,0.017131789440715233,0.180824505894679,0.2479811205022827,0.7005349555530607
S&P 500 firms,2025,PARENTAL_LEAVE,Parental Leave,ok,,74535,5530,0.22833243692382588,0.005514683713781885,0.0,-0.006670407087466086,0.003768620418255413,0.07672939746943627,-0.03529918164553669,0.012610713680198731,-0.060016180458726205,-0.01058218283234718,-0.028628774558070606,0.012906522915780873,0.02654370485084609,-0.05392555947300112,-0.0033319896431400937,0.19970366236575526,0.011853351255277525,0.17647109390541132,0.2229362308260992,0.6975609228244417
S&P 500 firms,2025,CULTURE,Inclusive Workplace,ok,,74535,5530,0.22401657308169978,0.006679230216374236,1.2903098621772908e-246,0.0956881670117145,0.0038755398303562784,1.3601330099400672e-134,0.07599505681849435,0.0094304329417332,0.05751140825269727,0.09447870538429143,-0.019693110193220145,0.009803494866487966,0.04455997478888965,-0.03890796013153656,-0.00047826025490373125,0.20432346288847963,0.0074107962412755385,0.1897983022555796,0.21884862352137968,0.7005701079125819
S&P 500 firms,2025,REMOTE_KW,Remote Work,ok,,74535,5530,0.23258913015086424,0.005688039302221232,0.0,0.08014338411562459,0.004346395870136482,6.386051129957774e-76,0.025148439482935728,0.011494900108510286,0.0026184352702555667,0.047678443695615885,-0.054994944632688864,0.012072377028344818,5.2276954564632385e-06,-0.0786568036082447,-0.031333085657133025,0.17759418551817538,0.01078884101988119,0.15644805711920826,0.1987403139171425,0.6988918154830985
