Benefit,Occupation,Year,AI Coefficient,Error,P-Value,SOC_2021_2_NAME,YEAR,AI Demand,AI Demand % Change,PRIOR YEAR % CHANGE,LOG_SALARY_ai,SALARY_ai,LOG_SALARY_non_ai,SALARY_non_ai,Salary (Log) Premium,SALARY_PREMIUM,job_count,Prevalence: Tuition Assistance,Prevalence: Paid Leave,Prevalence: Health and Wellbeing,Prevalence: Parental Leave,Prevalence: Workplace Culture,Prevalence: Remote Work
EDU_ASSISTANCE,Architecture and Engineering Occupations,2019,-0.3787728891240425,0.2021325245031568,0.061,Architecture and Engineering Occupations,2019,58.06451612903226,-10.483870967741938,,11.359202216551383,89522.05555555556,10.959258175979711,61962.38461538462,103.64937146428635,144.4780669937744,31,9.67741935483871,6.451612903225806,3.225806451612903,0.0,0.0,12.903225806451612
WLB,Architecture and Engineering Occupations,2019,-0.1551733050638245,0.1128137229471022,0.169,Architecture and Engineering Occupations,2019,58.06451612903226,-10.483870967741938,,11.359202216551383,89522.05555555556,10.959258175979711,61962.38461538462,103.64937146428635,144.4780669937744,31,9.67741935483871,6.451612903225806,3.225806451612903,0.0,0.0,12.903225806451612
PAID_LEAVE,Architecture and Engineering Occupations,2019,-0.3035563161839383,0.1257368969659814,0.016,Architecture and Engineering Occupations,2019,58.06451612903226,-10.483870967741938,,11.359202216551383,89522.05555555556,10.959258175979711,61962.38461538462,103.64937146428635,144.4780669937744,31,9.67741935483871,6.451612903225806,3.225806451612903,0.0,0.0,12.903225806451612
HEALTH_WELLBEING,Architecture and Engineering Occupations,2019,-0.5901141946896461,0.2727147262490358,0.03,Architecture and Engineering Occupations,2019,58.06451612903226,-10.483870967741938,,11.359202216551383,89522.05555555556,10.959258175979711,61962.38461538462,103.64937146428635,144.4780669937744,31,9.67741935483871,6.451612903225806,3.225806451612903,0.0,0.0,12.903225806451612
PARENTAL_LEAVE,Architecture and Engineering Occupations,2019,0.9582541496856082,0.2565997006773747,0.0,Architecture and Engineering Occupations,2019,58.06451612903226,-10.483870967741938,,11.359202216551383,89522.05555555556,10.959258175979711,61962.38461538462,103.64937146428635,144.4780669937744,31,9.67741935483871,6.451612903225806,3.225806451612903,0.0,0.0,12.903225806451612
CULTURE,Architecture and Engineering Occupations,2019,0.5687172336395865,0.1144430746600114,0.0,Architecture and Engineering Occupations,2019,58.06451612903226,-10.483870967741938,,11.359202216551383,89522.05555555556,10.959258175979711,61962.38461538462,103.64937146428635,144.4780669937744,31,9.67741935483871,6.451612903225806,3.225806451612903,0.0,0.0,12.903225806451612
wfh_wham,Architecture and Engineering Occupations,2019,0.3665853839521643,0.1946262313326424,0.06,Architecture and Engineering Occupations,2019,58.06451612903226,-10.483870967741938,,11.359202216551383,89522.05555555556,10.959258175979711,61962.38461538462,103.64937146428635,144.4780669937744,31,9.67741935483871,6.451612903225806,3.225806451612903,0.0,0.0,12.903225806451612
EDU_ASSISTANCE,Architecture and Engineering Occupations,2021,-0.1917248685578161,0.1400170990180159,0.171,Architecture and Engineering Occupations,2021,54.54545454545454,34.26573426573425,-30.034722222222232,11.479904622019244,102335.33333333333,11.082986135388774,72073.93333333333,103.58133161750587,141.98660819584333,66,6.0606060606060606,34.84848484848485,3.0303030303030303,4.545454545454546,9.090909090909092,18.461538461538463
WLB,Architecture and Engineering Occupations,2021,-0.4715601194534753,0.0953430616293542,0.0,Architecture and Engineering Occupations,2021,54.54545454545454,34.26573426573425,-30.034722222222232,11.479904622019244,102335.33333333333,11.082986135388774,72073.93333333333,103.58133161750587,141.98660819584333,66,6.0606060606060606,34.84848484848485,3.0303030303030303,4.545454545454546,9.090909090909092,18.461538461538463
PAID_LEAVE,Architecture and Engineering Occupations,2021,-0.6054461548584085,0.1034148178691135,0.0,Architecture and Engineering Occupations,2021,54.54545454545454,34.26573426573425,-30.034722222222232,11.479904622019244,102335.33333333333,11.082986135388774,72073.93333333333,103.58133161750587,141.98660819584333,66,6.0606060606060606,34.84848484848485,3.0303030303030303,4.545454545454546,9.090909090909092,18.461538461538463
HEALTH_WELLBEING,Architecture and Engineering Occupations,2021,-0.54586547333676,0.2181648202560018,0.012,Architecture and Engineering Occupations,2021,54.54545454545454,34.26573426573425,-30.034722222222232,11.479904622019244,102335.33333333333,11.082986135388774,72073.93333333333,103.58133161750587,141.98660819584333,66,6.0606060606060606,34.84848484848485,3.0303030303030303,4.545454545454546,9.090909090909092,18.461538461538463
PARENTAL_LEAVE,Architecture and Engineering Occupations,2021,0.2232013237409769,0.1867982537168098,0.232,Architecture and Engineering Occupations,2021,54.54545454545454,34.26573426573425,-30.034722222222232,11.479904622019244,102335.33333333333,11.082986135388774,72073.93333333333,103.58133161750587,141.98660819584333,66,6.0606060606060606,34.84848484848485,3.0303030303030303,4.545454545454546,9.090909090909092,18.461538461538463
CULTURE,Architecture and Engineering Occupations,2021,0.8818583457962874,0.078755212814876,0.0,Architecture and Engineering Occupations,2021,54.54545454545454,34.26573426573425,-30.034722222222232,11.479904622019244,102335.33333333333,11.082986135388774,72073.93333333333,103.58133161750587,141.98660819584333,66,6.0606060606060606,34.84848484848485,3.0303030303030303,4.545454545454546,9.090909090909092,18.461538461538463
wfh_wham,Architecture and Engineering Occupations,2021,0.5375976371369099,0.0948217223584356,0.0,Architecture and Engineering Occupations,2021,54.54545454545454,34.26573426573425,-30.034722222222232,11.479904622019244,102335.33333333333,11.082986135388774,72073.93333333333,103.58133161750587,141.98660819584333,66,6.0606060606060606,34.84848484848485,3.0303030303030303,4.545454545454546,9.090909090909092,18.461538461538463
EDU_ASSISTANCE,Architecture and Engineering Occupations,2022,-0.3099764360370616,0.1081095690671019,0.004,Architecture and Engineering Occupations,2022,71.05263157894737,30.263157894736857,34.26573426573425,11.582711294520296,114031.22222222222,11.286997057297384,86737.39393939394,102.61995494214932,131.4671989129617,114,15.789473684210526,38.59649122807017,2.631578947368421,4.385964912280701,18.421052631578945,20.353982300884958
WLB,Architecture and Engineering Occupations,2022,-0.3176755417355165,0.0705658947835911,0.0,Architecture and Engineering Occupations,2022,71.05263157894737,30.263157894736857,34.26573426573425,11.582711294520296,114031.22222222222,11.286997057297384,86737.39393939394,102.61995494214932,131.4671989129617,114,15.789473684210526,38.59649122807017,2.631578947368421,4.385964912280701,18.421052631578945,20.353982300884958
PAID_LEAVE,Architecture and Engineering Occupations,2022,-0.4139917366736262,0.0751605815417852,0.0,Architecture and Engineering Occupations,2022,71.05263157894737,30.263157894736857,34.26573426573425,11.582711294520296,114031.22222222222,11.286997057297384,86737.39393939394,102.61995494214932,131.4671989129617,114,15.789473684210526,38.59649122807017,2.631578947368421,4.385964912280701,18.421052631578945,20.353982300884958
HEALTH_WELLBEING,Architecture and Engineering Occupations,2022,-0.7885571255024013,0.1833841125938672,0.0,Architecture and Engineering Occupations,2022,71.05263157894737,30.263157894736857,34.26573426573425,11.582711294520296,114031.22222222222,11.286997057297384,86737.39393939394,102.61995494214932,131.4671989129617,114,15.789473684210526,38.59649122807017,2.631578947368421,4.385964912280701,18.421052631578945,20.353982300884958
PARENTAL_LEAVE,Architecture and Engineering Occupations,2022,0.2283131584317279,0.1240123677332448,0.066,Architecture and Engineering Occupations,2022,71.05263157894737,30.263157894736857,34.26573426573425,11.582711294520296,114031.22222222222,11.286997057297384,86737.39393939394,102.61995494214932,131.4671989129617,114,15.789473684210526,38.59649122807017,2.631578947368421,4.385964912280701,18.421052631578945,20.353982300884958
CULTURE,Architecture and Engineering Occupations,2022,0.9058678488024638,0.0588031100224962,0.0,Architecture and Engineering Occupations,2022,71.05263157894737,30.263157894736857,34.26573426573425,11.582711294520296,114031.22222222222,11.286997057297384,86737.39393939394,102.61995494214932,131.4671989129617,114,15.789473684210526,38.59649122807017,2.631578947368421,4.385964912280701,18.421052631578945,20.353982300884958
wfh_wham,Architecture and Engineering Occupations,2022,0.0917774173197185,0.072382285967209,0.205,Architecture and Engineering Occupations,2022,71.05263157894737,30.263157894736857,34.26573426573425,11.582711294520296,114031.22222222222,11.286997057297384,86737.39393939394,102.61995494214932,131.4671989129617,114,15.789473684210526,38.59649122807017,2.631578947368421,4.385964912280701,18.421052631578945,20.353982300884958
EDU_ASSISTANCE,Architecture and Engineering Occupations,2020,-0.1524197287202147,0.1966153932847775,0.438,Architecture and Engineering Occupations,2020,40.625,-30.034722222222232,-10.483870967741938,11.371471544095101,92374.61538461539,11.103202968688885,72290.21052631579,102.4161368225253,127.78302167343708,32,9.375,21.875,0.0,3.125,3.125,0.0
WLB,Architecture and Engineering Occupations,2020,-0.3720281688601253,0.120591029687868,0.002,Architecture and Engineering Occupations,2020,40.625,-30.034722222222232,-10.483870967741938,11.371471544095101,92374.61538461539,11.103202968688885,72290.21052631579,102.4161368225253,127.78302167343708,32,9.375,21.875,0.0,3.125,3.125,0.0
PAID_LEAVE,Architecture and Engineering Occupations,2020,-0.5165116752057569,0.134353213562726,0.0,Architecture and Engineering Occupations,2020,40.625,-30.034722222222232,-10.483870967741938,11.371471544095101,92374.61538461539,11.103202968688885,72290.21052631579,102.4161368225253,127.78302167343708,32,9.375,21.875,0.0,3.125,3.125,0.0
HEALTH_WELLBEING,Architecture and Engineering Occupations,2020,-0.5204769864009908,0.3079785507738603,0.091,Architecture and Engineering Occupations,2020,40.625,-30.034722222222232,-10.483870967741938,11.371471544095101,92374.61538461539,11.103202968688885,72290.21052631579,102.4161368225253,127.78302167343708,32,9.375,21.875,0.0,3.125,3.125,0.0
PARENTAL_LEAVE,Architecture and Engineering Occupations,2020,-0.0477784390314016,0.3443664590453579,0.89,Architecture and Engineering Occupations,2020,40.625,-30.034722222222232,-10.483870967741938,11.371471544095101,92374.61538461539,11.103202968688885,72290.21052631579,102.4161368225253,127.78302167343708,32,9.375,21.875,0.0,3.125,3.125,0.0
CULTURE,Architecture and Engineering Occupations,2020,0.9931554827454754,0.1054184672698821,0.0,Architecture and Engineering Occupations,2020,40.625,-30.034722222222232,-10.483870967741938,11.371471544095101,92374.61538461539,11.103202968688885,72290.21052631579,102.4161368225253,127.78302167343708,32,9.375,21.875,0.0,3.125,3.125,0.0
wfh_wham,Architecture and Engineering Occupations,2020,1.2434735890449764,0.1196097508156488,0.0,Architecture and Engineering Occupations,2020,40.625,-30.034722222222232,-10.483870967741938,11.371471544095101,92374.61538461539,11.103202968688885,72290.21052631579,102.4161368225253,127.78302167343708,32,9.375,21.875,0.0,3.125,3.125,0.0
EDU_ASSISTANCE,Architecture and Engineering Occupations,2018,0.043940758719393,0.2197845083881673,0.842,Architecture and Engineering Occupations,2018,64.86486486486487,,,11.30251687718629,86836.58333333333,11.087782000552153,72269.15384615384,101.93668018205484,120.15718838799545,37,5.405405405405405,24.324324324324326,5.405405405405405,0.0,0.0,
WLB,Architecture and Engineering Occupations,2018,-0.2932828692908163,0.1544692683615671,0.058,Architecture and Engineering Occupations,2018,64.86486486486487,,,11.30251687718629,86836.58333333333,11.087782000552153,72269.15384615384,101.93668018205484,120.15718838799545,37,5.405405405405405,24.324324324324326,5.405405405405405,0.0,0.0,
PAID_LEAVE,Architecture and Engineering Occupations,2018,-0.300995256330704,0.1647948225620136,0.068,Architecture and Engineering Occupations,2018,64.86486486486487,,,11.30251687718629,86836.58333333333,11.087782000552153,72269.15384615384,101.93668018205484,120.15718838799545,37,5.405405405405405,24.324324324324326,5.405405405405405,0.0,0.0,
HEALTH_WELLBEING,Architecture and Engineering Occupations,2018,0.2643789208862074,0.2957023804179212,0.371,Architecture and Engineering Occupations,2018,64.86486486486487,,,11.30251687718629,86836.58333333333,11.087782000552153,72269.15384615384,101.93668018205484,120.15718838799545,37,5.405405405405405,24.324324324324326,5.405405405405405,0.0,0.0,
PARENTAL_LEAVE,Architecture and Engineering Occupations,2018,-0.7399099702888167,1.008610419332553,0.463,Architecture and Engineering Occupations,2018,64.86486486486487,,,11.30251687718629,86836.58333333333,11.087782000552153,72269.15384615384,101.93668018205484,120.15718838799545,37,5.405405405405405,24.324324324324326,5.405405405405405,0.0,0.0,
CULTURE,Architecture and Engineering Occupations,2018,0.3450731938555941,0.1544627293013133,0.025,Architecture and Engineering Occupations,2018,64.86486486486487,,,11.30251687718629,86836.58333333333,11.087782000552153,72269.15384615384,101.93668018205484,120.15718838799545,37,5.405405405405405,24.324324324324326,5.405405405405405,0.0,0.0,
EDU_ASSISTANCE,Architecture and Engineering Occupations,2023,-0.0006557524939162,0.0953645893439435,0.995,Architecture and Engineering Occupations,2023,70.33492822966507,-1.0101010101010166,30.263157894736857,11.694150536004528,128189.31292517007,11.41762731735147,98159.14516129032,102.42189739572969,130.5933468700605,209,9.569377990430622,40.66985645933015,6.698564593301436,11.961722488038278,22.966507177033492,26.442307692307693
WLB,Architecture and Engineering Occupations,2023,-0.0870972508179074,0.067821533407843,0.199,Architecture and Engineering Occupations,2023,70.33492822966507,-1.0101010101010166,30.263157894736857,11.694150536004528,128189.31292517007,11.41762731735147,98159.14516129032,102.42189739572969,130.5933468700605,209,9.569377990430622,40.66985645933015,6.698564593301436,11.961722488038278,22.966507177033492,26.442307692307693
PAID_LEAVE,Architecture and Engineering Occupations,2023,-0.2058332008325058,0.0710832407225938,0.004,Architecture and Engineering Occupations,2023,70.33492822966507,-1.0101010101010166,30.263157894736857,11.694150536004528,128189.31292517007,11.41762731735147,98159.14516129032,102.42189739572969,130.5933468700605,209,9.569377990430622,40.66985645933015,6.698564593301436,11.961722488038278,22.966507177033492,26.442307692307693
HEALTH_WELLBEING,Architecture and Engineering Occupations,2023,-0.2583979076157351,0.1395177911323985,0.064,Architecture and Engineering Occupations,2023,70.33492822966507,-1.0101010101010166,30.263157894736857,11.694150536004528,128189.31292517007,11.41762731735147,98159.14516129032,102.42189739572969,130.5933468700605,209,9.569377990430622,40.66985645933015,6.698564593301436,11.961722488038278,22.966507177033492,26.442307692307693
PARENTAL_LEAVE,Architecture and Engineering Occupations,2023,0.270572002434848,0.1060435191417962,0.011,Architecture and Engineering Occupations,2023,70.33492822966507,-1.0101010101010166,30.263157894736857,11.694150536004528,128189.31292517007,11.41762731735147,98159.14516129032,102.42189739572969,130.5933468700605,209,9.569377990430622,40.66985645933015,6.698564593301436,11.961722488038278,22.966507177033492,26.442307692307693
CULTURE,Architecture and Engineering Occupations,2023,0.6202001582457596,0.0687088228895293,0.0,Architecture and Engineering Occupations,2023,70.33492822966507,-1.0101010101010166,30.263157894736857,11.694150536004528,128189.31292517007,11.41762731735147,98159.14516129032,102.42189739572969,130.5933468700605,209,9.569377990430622,40.66985645933015,6.698564593301436,11.961722488038278,22.966507177033492,26.442307692307693
wfh_wham,Architecture and Engineering Occupations,2023,0.0675903975998628,0.0793701673907436,0.394,Architecture and Engineering Occupations,2023,70.33492822966507,-1.0101010101010166,30.263157894736857,11.694150536004528,128189.31292517007,11.41762731735147,98159.14516129032,102.42189739572969,130.5933468700605,209,9.569377990430622,40.66985645933015,6.698564593301436,11.961722488038278,22.966507177033492,26.442307692307693
EDU_ASSISTANCE,"Arts, Design, Entertainment, Sports, and Media Occupations",2019,-0.459317913521304,0.4536456495067715,0.311,"Arts, Design, Entertainment, Sports, and Media Occupations",2019,37.5,102.49999999999999,,10.98672029026237,66946.33333333333,10.639307446016423,45212.4,103.26537085246115,148.07073575685726,24,0.0,33.33333333333333,0.0,0.0,4.166666666666666,4.166666666666666
WLB,"Arts, Design, Entertainment, Sports, and Media Occupations",2019,-0.0803076532249,0.1896032519841864,0.672,"Arts, Design, Entertainment, Sports, and Media Occupations",2019,37.5,102.49999999999999,,10.98672029026237,66946.33333333333,10.639307446016423,45212.4,103.26537085246115,148.07073575685726,24,0.0,33.33333333333333,0.0,0.0,4.166666666666666,4.166666666666666
PAID_LEAVE,"Arts, Design, Entertainment, Sports, and Media Occupations",2019,-0.0551603075279807,0.1968167272921744,0.779,"Arts, Design, Entertainment, Sports, and Media Occupations",2019,37.5,102.49999999999999,,10.98672029026237,66946.33333333333,10.639307446016423,45212.4,103.26537085246115,148.07073575685726,24,0.0,33.33333333333333,0.0,0.0,4.166666666666666,4.166666666666666
HEALTH_WELLBEING,"Arts, Design, Entertainment, Sports, and Media Occupations",2019,2.0073852124626144,0.1780740681764263,0.0,"Arts, Design, Entertainment, Sports, and Media Occupations",2019,37.5,102.49999999999999,,10.98672029026237,66946.33333333333,10.639307446016423,45212.4,103.26537085246115,148.07073575685726,24,0.0,33.33333333333333,0.0,0.0,4.166666666666666,4.166666666666666
PARENTAL_LEAVE,"Arts, Design, Entertainment, Sports, and Media Occupations",2019,-0.0970304282846822,0.5078763885395883,0.848,"Arts, Design, Entertainment, Sports, and Media Occupations",2019,37.5,102.49999999999999,,10.98672029026237,66946.33333333333,10.639307446016423,45212.4,103.26537085246115,148.07073575685726,24,0.0,33.33333333333333,0.0,0.0,4.166666666666666,4.166666666666666
CULTURE,"Arts, Design, Entertainment, Sports, and Media Occupations",2019,0.2598852778793529,0.2014445975506168,0.197,"Arts, Design, Entertainment, Sports, and Media Occupations",2019,37.5,102.49999999999999,,10.98672029026237,66946.33333333333,10.639307446016423,45212.4,103.26537085246115,148.07073575685726,24,0.0,33.33333333333333,0.0,0.0,4.166666666666666,4.166666666666666
wfh_wham,"Arts, Design, Entertainment, Sports, and Media Occupations",2019,0.2004568362454736,0.2370763777827723,0.398,"Arts, Design, Entertainment, Sports, and Media Occupations",2019,37.5,102.49999999999999,,10.98672029026237,66946.33333333333,10.639307446016423,45212.4,103.26537085246115,148.07073575685726,24,0.0,33.33333333333333,0.0,0.0,4.166666666666666,4.166666666666666
EDU_ASSISTANCE,"Arts, Design, Entertainment, Sports, and Media Occupations",2021,-0.7580488640450109,0.3589072510154944,0.035,"Arts, Design, Entertainment, Sports, and Media Occupations",2021,34.32835820895522,10.907003444316876,-17.460317460317466,11.248364494405944,86026.0,10.603984415691272,44272.704545454544,106.07677315859829,194.30933999452773,67,2.9850746268656714,19.402985074626866,2.9850746268656714,2.9850746268656714,7.462686567164178,26.865671641791046
WLB,"Arts, Design, Entertainment, Sports, and Media Occupations",2021,-0.1680993016483623,0.1400739467491713,0.23,"Arts, Design, Entertainment, Sports, and Media Occupations",2021,34.32835820895522,10.907003444316876,-17.460317460317466,11.248364494405944,86026.0,10.603984415691272,44272.704545454544,106.07677315859829,194.30933999452773,67,2.9850746268656714,19.402985074626866,2.9850746268656714,2.9850746268656714,7.462686567164178,26.865671641791046
PAID_LEAVE,"Arts, Design, Entertainment, Sports, and Media Occupations",2021,-0.2936811381069126,0.1492922273385342,0.049,"Arts, Design, Entertainment, Sports, and Media Occupations",2021,34.32835820895522,10.907003444316876,-17.460317460317466,11.248364494405944,86026.0,10.603984415691272,44272.704545454544,106.07677315859829,194.30933999452773,67,2.9850746268656714,19.402985074626866,2.9850746268656714,2.9850746268656714,7.462686567164178,26.865671641791046
HEALTH_WELLBEING,"Arts, Design, Entertainment, Sports, and Media Occupations",2021,-0.4879534275489899,0.3601719863794977,0.175,"Arts, Design, Entertainment, Sports, and Media Occupations",2021,34.32835820895522,10.907003444316876,-17.460317460317466,11.248364494405944,86026.0,10.603984415691272,44272.704545454544,106.07677315859829,194.30933999452773,67,2.9850746268656714,19.402985074626866,2.9850746268656714,2.9850746268656714,7.462686567164178,26.865671641791046
PARENTAL_LEAVE,"Arts, Design, Entertainment, Sports, and Media Occupations",2021,0.5067259988688464,0.2332485774099105,0.03,"Arts, Design, Entertainment, Sports, and Media Occupations",2021,34.32835820895522,10.907003444316876,-17.460317460317466,11.248364494405944,86026.0,10.603984415691272,44272.704545454544,106.07677315859829,194.30933999452773,67,2.9850746268656714,19.402985074626866,2.9850746268656714,2.9850746268656714,7.462686567164178,26.865671641791046
CULTURE,"Arts, Design, Entertainment, Sports, and Media Occupations",2021,0.7369987757906739,0.1259037732945045,0.0,"Arts, Design, Entertainment, Sports, and Media Occupations",2021,34.32835820895522,10.907003444316876,-17.460317460317466,11.248364494405944,86026.0,10.603984415691272,44272.704545454544,106.07677315859829,194.30933999452773,67,2.9850746268656714,19.402985074626866,2.9850746268656714,2.9850746268656714,7.462686567164178,26.865671641791046
wfh_wham,"Arts, Design, Entertainment, Sports, and Media Occupations",2021,0.9803979714043296,0.1099880072115259,0.0,"Arts, Design, Entertainment, Sports, and Media Occupations",2021,34.32835820895522,10.907003444316876,-17.460317460317466,11.248364494405944,86026.0,10.603984415691272,44272.704545454544,106.07677315859829,194.30933999452773,67,2.9850746268656714,19.402985074626866,2.9850746268656714,2.9850746268656714,7.462686567164178,26.865671641791046
EDU_ASSISTANCE,"Arts, Design, Entertainment, Sports, and Media Occupations",2022,0.0853321487398531,0.2008294649677184,0.671,"Arts, Design, Entertainment, Sports, and Media Occupations",2022,45.97701149425287,33.933033483258356,10.907003444316876,11.148766842639517,82955.4,10.935149598542123,64684.21276595745,101.9534917393894,128.24674901764973,87,3.4482758620689653,32.18390804597701,3.4482758620689653,2.2988505747126435,14.942528735632186,32.55813953488372
WLB,"Arts, Design, Entertainment, Sports, and Media Occupations",2022,0.1629414203650938,0.1059516312246767,0.124,"Arts, Design, Entertainment, Sports, and Media Occupations",2022,45.97701149425287,33.933033483258356,10.907003444316876,11.148766842639517,82955.4,10.935149598542123,64684.21276595745,101.9534917393894,128.24674901764973,87,3.4482758620689653,32.18390804597701,3.4482758620689653,2.2988505747126435,14.942528735632186,32.55813953488372
PAID_LEAVE,"Arts, Design, Entertainment, Sports, and Media Occupations",2022,0.021570933797764,0.1123467509356653,0.848,"Arts, Design, Entertainment, Sports, and Media Occupations",2022,45.97701149425287,33.933033483258356,10.907003444316876,11.148766842639517,82955.4,10.935149598542123,64684.21276595745,101.9534917393894,128.24674901764973,87,3.4482758620689653,32.18390804597701,3.4482758620689653,2.2988505747126435,14.942528735632186,32.55813953488372
HEALTH_WELLBEING,"Arts, Design, Entertainment, Sports, and Media Occupations",2022,0.4824380571687567,0.1775498864889968,0.007,"Arts, Design, Entertainment, Sports, and Media Occupations",2022,45.97701149425287,33.933033483258356,10.907003444316876,11.148766842639517,82955.4,10.935149598542123,64684.21276595745,101.9534917393894,128.24674901764973,87,3.4482758620689653,32.18390804597701,3.4482758620689653,2.2988505747126435,14.942528735632186,32.55813953488372
PARENTAL_LEAVE,"Arts, Design, Entertainment, Sports, and Media Occupations",2022,0.4746823130668228,0.1840364332638851,0.01,"Arts, Design, Entertainment, Sports, and Media Occupations",2022,45.97701149425287,33.933033483258356,10.907003444316876,11.148766842639517,82955.4,10.935149598542123,64684.21276595745,101.9534917393894,128.24674901764973,87,3.4482758620689653,32.18390804597701,3.4482758620689653,2.2988505747126435,14.942528735632186,32.55813953488372
CULTURE,"Arts, Design, Entertainment, Sports, and Media Occupations",2022,0.5068678713437593,0.1064153047682392,0.0,"Arts, Design, Entertainment, Sports, and Media Occupations",2022,45.97701149425287,33.933033483258356,10.907003444316876,11.148766842639517,82955.4,10.935149598542123,64684.21276595745,101.9534917393894,128.24674901764973,87,3.4482758620689653,32.18390804597701,3.4482758620689653,2.2988505747126435,14.942528735632186,32.55813953488372
wfh_wham,"Arts, Design, Entertainment, Sports, and Media Occupations",2022,0.8577730560768488,0.095688906045234,0.0,"Arts, Design, Entertainment, Sports, and Media Occupations",2022,45.97701149425287,33.933033483258356,10.907003444316876,11.148766842639517,82955.4,10.935149598542123,64684.21276595745,101.9534917393894,128.24674901764973,87,3.4482758620689653,32.18390804597701,3.4482758620689653,2.2988505747126435,14.942528735632186,32.55813953488372
EDU_ASSISTANCE,"Arts, Design, Entertainment, Sports, and Media Occupations",2020,0.1796207765977534,0.3878318560554841,0.643,"Arts, Design, Entertainment, Sports, and Media Occupations",2020,30.952380952380953,-17.460317460317466,102.49999999999999,11.072835319236665,68288.84615384616,10.518563049392942,40910.724137931036,105.2694675807045,166.92162652415888,42,2.380952380952381,16.666666666666664,2.380952380952381,4.761904761904762,7.142857142857142,19.51219512195122
WLB,"Arts, Design, Entertainment, Sports, and Media Occupations",2020,-0.3512809555687472,0.2211679325316219,0.112,"Arts, Design, Entertainment, Sports, and Media Occupations",2020,30.952380952380953,-17.460317460317466,102.49999999999999,11.072835319236665,68288.84615384616,10.518563049392942,40910.724137931036,105.2694675807045,166.92162652415888,42,2.380952380952381,16.666666666666664,2.380952380952381,4.761904761904762,7.142857142857142,19.51219512195122
PAID_LEAVE,"Arts, Design, Entertainment, Sports, and Media Occupations",2020,-0.330743666083327,0.2256468270529598,0.143,"Arts, Design, Entertainment, Sports, and Media Occupations",2020,30.952380952380953,-17.460317460317466,102.49999999999999,11.072835319236665,68288.84615384616,10.518563049392942,40910.724137931036,105.2694675807045,166.92162652415888,42,2.380952380952381,16.666666666666664,2.380952380952381,4.761904761904762,7.142857142857142,19.51219512195122
HEALTH_WELLBEING,"Arts, Design, Entertainment, Sports, and Media Occupations",2020,0.1178961770858879,0.4560639720819628,0.796,"Arts, Design, Entertainment, Sports, and Media Occupations",2020,30.952380952380953,-17.460317460317466,102.49999999999999,11.072835319236665,68288.84615384616,10.518563049392942,40910.724137931036,105.2694675807045,166.92162652415888,42,2.380952380952381,16.666666666666664,2.380952380952381,4.761904761904762,7.142857142857142,19.51219512195122
PARENTAL_LEAVE,"Arts, Design, Entertainment, Sports, and Media Occupations",2020,0.5130417147756937,0.3894176255600371,0.188,"Arts, Design, Entertainment, Sports, and Media Occupations",2020,30.952380952380953,-17.460317460317466,102.49999999999999,11.072835319236665,68288.84615384616,10.518563049392942,40910.724137931036,105.2694675807045,166.92162652415888,42,2.380952380952381,16.666666666666664,2.380952380952381,4.761904761904762,7.142857142857142,19.51219512195122
CULTURE,"Arts, Design, Entertainment, Sports, and Media Occupations",2020,0.998040141082162,0.1839945985926051,0.0,"Arts, Design, Entertainment, Sports, and Media Occupations",2020,30.952380952380953,-17.460317460317466,102.49999999999999,11.072835319236665,68288.84615384616,10.518563049392942,40910.724137931036,105.2694675807045,166.92162652415888,42,2.380952380952381,16.666666666666664,2.380952380952381,4.761904761904762,7.142857142857142,19.51219512195122
wfh_wham,"Arts, Design, Entertainment, Sports, and Media Occupations",2020,0.5436017705246603,0.1770005571042981,0.002,"Arts, Design, Entertainment, Sports, and Media Occupations",2020,30.952380952380953,-17.460317460317466,102.49999999999999,11.072835319236665,68288.84615384616,10.518563049392942,40910.724137931036,105.2694675807045,166.92162652415888,42,2.380952380952381,16.666666666666664,2.380952380952381,4.761904761904762,7.142857142857142,19.51219512195122
EDU_ASSISTANCE,"Arts, Design, Entertainment, Sports, and Media Occupations",2018,-1.077425684929313,0.7167180136604896,0.133,"Arts, Design, Entertainment, Sports, and Media Occupations",2018,18.51851851851852,,,10.986848826897235,66221.8,10.686383793230783,50553.545454545456,102.81166238720323,130.99338415253675,27,0.0,18.51851851851852,0.0,3.7037037037037033,3.7037037037037033,
WLB,"Arts, Design, Entertainment, Sports, and Media Occupations",2018,-0.0447166903584715,0.2657257449925612,0.866,"Arts, Design, Entertainment, Sports, and Media Occupations",2018,18.51851851851852,,,10.986848826897235,66221.8,10.686383793230783,50553.545454545456,102.81166238720323,130.99338415253675,27,0.0,18.51851851851852,0.0,3.7037037037037033,3.7037037037037033,
PAID_LEAVE,"Arts, Design, Entertainment, Sports, and Media Occupations",2018,0.0287001244304004,0.2706499584921688,0.916,"Arts, Design, Entertainment, Sports, and Media Occupations",2018,18.51851851851852,,,10.986848826897235,66221.8,10.686383793230783,50553.545454545456,102.81166238720323,130.99338415253675,27,0.0,18.51851851851852,0.0,3.7037037037037033,3.7037037037037033,
HEALTH_WELLBEING,"Arts, Design, Entertainment, Sports, and Media Occupations",2018,0.4428044312378591,0.4618613956544171,0.338,"Arts, Design, Entertainment, Sports, and Media Occupations",2018,18.51851851851852,,,10.986848826897235,66221.8,10.686383793230783,50553.545454545456,102.81166238720323,130.99338415253675,27,0.0,18.51851851851852,0.0,3.7037037037037033,3.7037037037037033,
PARENTAL_LEAVE,"Arts, Design, Entertainment, Sports, and Media Occupations",2018,,,,"Arts, Design, Entertainment, Sports, and Media Occupations",2018,18.51851851851852,,,10.986848826897235,66221.8,10.686383793230783,50553.545454545456,102.81166238720323,130.99338415253675,27,0.0,18.51851851851852,0.0,3.7037037037037033,3.7037037037037033,
CULTURE,"Arts, Design, Entertainment, Sports, and Media Occupations",2018,0.3373438149335244,0.2669554163934999,0.206,"Arts, Design, Entertainment, Sports, and Media Occupations",2018,18.51851851851852,,,10.986848826897235,66221.8,10.686383793230783,50553.545454545456,102.81166238720323,130.99338415253675,27,0.0,18.51851851851852,0.0,3.7037037037037033,3.7037037037037033,
EDU_ASSISTANCE,"Arts, Design, Entertainment, Sports, and Media Occupations",2023,-0.0918583372216286,0.1889328815558046,0.627,"Arts, Design, Entertainment, Sports, and Media Occupations",2023,67.5,46.812500000000014,33.933033483258356,11.174076936248204,85140.86111111111,10.983105339405007,66821.15384615384,101.73877597402286,127.41602952133357,160,4.375,19.375,3.75,7.5,12.5,59.354838709677416
WLB,"Arts, Design, Entertainment, Sports, and Media Occupations",2023,-0.0703863422607075,0.1053613221425471,0.504,"Arts, Design, Entertainment, Sports, and Media Occupations",2023,67.5,46.812500000000014,33.933033483258356,11.174076936248204,85140.86111111111,10.983105339405007,66821.15384615384,101.73877597402286,127.41602952133357,160,4.375,19.375,3.75,7.5,12.5,59.354838709677416
PAID_LEAVE,"Arts, Design, Entertainment, Sports, and Media Occupations",2023,-0.1627533907128593,0.1094806080628329,0.137,"Arts, Design, Entertainment, Sports, and Media Occupations",2023,67.5,46.812500000000014,33.933033483258356,11.174076936248204,85140.86111111111,10.983105339405007,66821.15384615384,101.73877597402286,127.41602952133357,160,4.375,19.375,3.75,7.5,12.5,59.354838709677416
HEALTH_WELLBEING,"Arts, Design, Entertainment, Sports, and Media Occupations",2023,-0.491722871236938,0.2244161519047794,0.028,"Arts, Design, Entertainment, Sports, and Media Occupations",2023,67.5,46.812500000000014,33.933033483258356,11.174076936248204,85140.86111111111,10.983105339405007,66821.15384615384,101.73877597402286,127.41602952133357,160,4.375,19.375,3.75,7.5,12.5,59.354838709677416
PARENTAL_LEAVE,"Arts, Design, Entertainment, Sports, and Media Occupations",2023,0.2863770152316874,0.1670024371681266,0.086,"Arts, Design, Entertainment, Sports, and Media Occupations",2023,67.5,46.812500000000014,33.933033483258356,11.174076936248204,85140.86111111111,10.983105339405007,66821.15384615384,101.73877597402286,127.41602952133357,160,4.375,19.375,3.75,7.5,12.5,59.354838709677416
CULTURE,"Arts, Design, Entertainment, Sports, and Media Occupations",2023,0.1484418283172356,0.1198157427862336,0.215,"Arts, Design, Entertainment, Sports, and Media Occupations",2023,67.5,46.812500000000014,33.933033483258356,11.174076936248204,85140.86111111111,10.983105339405007,66821.15384615384,101.73877597402286,127.41602952133357,160,4.375,19.375,3.75,7.5,12.5,59.354838709677416
wfh_wham,"Arts, Design, Entertainment, Sports, and Media Occupations",2023,2.0522439863011512,0.0939555095753065,0.0,"Arts, Design, Entertainment, Sports, and Media Occupations",2023,67.5,46.812500000000014,33.933033483258356,11.174076936248204,85140.86111111111,10.983105339405007,66821.15384615384,101.73877597402286,127.41602952133357,160,4.375,19.375,3.75,7.5,12.5,59.354838709677416
EDU_ASSISTANCE,Business and Financial Operations Occupations,2019,0.0499268476570529,0.1122452403906133,0.656,Business and Financial Operations Occupations,2019,42.241379310344826,-15.517241379310354,,11.321549981172792,90286.42857142857,11.086527924845536,72210.89552238806,102.11988873270737,125.03158687934624,116,3.4482758620689653,14.655172413793101,4.310344827586207,0.8620689655172413,3.4482758620689653,11.711711711711711
WLB,Business and Financial Operations Occupations,2019,-0.2058841704495541,0.0716144248447139,0.004,Business and Financial Operations Occupations,2019,42.241379310344826,-15.517241379310354,,11.321549981172792,90286.42857142857,11.086527924845536,72210.89552238806,102.11988873270737,125.03158687934624,116,3.4482758620689653,14.655172413793101,4.310344827586207,0.8620689655172413,3.4482758620689653,11.711711711711711
PAID_LEAVE,Business and Financial Operations Occupations,2019,-0.2227920883032161,0.0753612137005339,0.003,Business and Financial Operations Occupations,2019,42.241379310344826,-15.517241379310354,,11.321549981172792,90286.42857142857,11.086527924845536,72210.89552238806,102.11988873270737,125.03158687934624,116,3.4482758620689653,14.655172413793101,4.310344827586207,0.8620689655172413,3.4482758620689653,11.711711711711711
HEALTH_WELLBEING,Business and Financial Operations Occupations,2019,-0.0514662434858225,0.1406781994562972,0.714,Business and Financial Operations Occupations,2019,42.241379310344826,-15.517241379310354,,11.321549981172792,90286.42857142857,11.086527924845536,72210.89552238806,102.11988873270737,125.03158687934624,116,3.4482758620689653,14.655172413793101,4.310344827586207,0.8620689655172413,3.4482758620689653,11.711711711711711
PARENTAL_LEAVE,Business and Financial Operations Occupations,2019,0.2961863053718371,0.1665819621998212,0.075,Business and Financial Operations Occupations,2019,42.241379310344826,-15.517241379310354,,11.321549981172792,90286.42857142857,11.086527924845536,72210.89552238806,102.11988873270737,125.03158687934624,116,3.4482758620689653,14.655172413793101,4.310344827586207,0.8620689655172413,3.4482758620689653,11.711711711711711
CULTURE,Business and Financial Operations Occupations,2019,0.4876990106844302,0.0696517053935686,0.0,Business and Financial Operations Occupations,2019,42.241379310344826,-15.517241379310354,,11.321549981172792,90286.42857142857,11.086527924845536,72210.89552238806,102.11988873270737,125.03158687934624,116,3.4482758620689653,14.655172413793101,4.310344827586207,0.8620689655172413,3.4482758620689653,11.711711711711711
wfh_wham,Business and Financial Operations Occupations,2019,0.0186262424122019,0.0860773024379117,0.829,Business and Financial Operations Occupations,2019,42.241379310344826,-15.517241379310354,,11.321549981172792,90286.42857142857,11.086527924845536,72210.89552238806,102.11988873270737,125.03158687934624,116,3.4482758620689653,14.655172413793101,4.310344827586207,0.8620689655172413,3.4482758620689653,11.711711711711711
EDU_ASSISTANCE,Business and Financial Operations Occupations,2021,0.2508872662023524,0.0670065495705616,0.0,Business and Financial Operations Occupations,2021,57.25490196078431,43.657754010695186,-5.649216208222407,11.48401745500034,105113.92465753424,11.150716721631412,77389.36697247706,102.98905210929045,135.8247634909809,255,7.450980392156863,36.86274509803922,10.588235294117647,6.2745098039215685,14.901960784313726,37.15415019762846
WLB,Business and Financial Operations Occupations,2021,-0.1471040966274151,0.0451400033677514,0.001,Business and Financial Operations Occupations,2021,57.25490196078431,43.657754010695186,-5.649216208222407,11.48401745500034,105113.92465753424,11.150716721631412,77389.36697247706,102.98905210929045,135.8247634909809,255,7.450980392156863,36.86274509803922,10.588235294117647,6.2745098039215685,14.901960784313726,37.15415019762846
PAID_LEAVE,Business and Financial Operations Occupations,2021,-0.1386025669776666,0.0463221847894742,0.003,Business and Financial Operations Occupations,2021,57.25490196078431,43.657754010695186,-5.649216208222407,11.48401745500034,105113.92465753424,11.150716721631412,77389.36697247706,102.98905210929045,135.8247634909809,255,7.450980392156863,36.86274509803922,10.588235294117647,6.2745098039215685,14.901960784313726,37.15415019762846
HEALTH_WELLBEING,Business and Financial Operations Occupations,2021,0.179272572616036,0.0766442880399477,0.019,Business and Financial Operations Occupations,2021,57.25490196078431,43.657754010695186,-5.649216208222407,11.48401745500034,105113.92465753424,11.150716721631412,77389.36697247706,102.98905210929045,135.8247634909809,255,7.450980392156863,36.86274509803922,10.588235294117647,6.2745098039215685,14.901960784313726,37.15415019762846
PARENTAL_LEAVE,Business and Financial Operations Occupations,2021,0.8245418583957548,0.0706151990680062,0.0,Business and Financial Operations Occupations,2021,57.25490196078431,43.657754010695186,-5.649216208222407,11.48401745500034,105113.92465753424,11.150716721631412,77389.36697247706,102.98905210929045,135.8247634909809,255,7.450980392156863,36.86274509803922,10.588235294117647,6.2745098039215685,14.901960784313726,37.15415019762846
CULTURE,Business and Financial Operations Occupations,2021,0.5923684311637848,0.0437952573434324,0.0,Business and Financial Operations Occupations,2021,57.25490196078431,43.657754010695186,-5.649216208222407,11.48401745500034,105113.92465753424,11.150716721631412,77389.36697247706,102.98905210929045,135.8247634909809,255,7.450980392156863,36.86274509803922,10.588235294117647,6.2745098039215685,14.901960784313726,37.15415019762846
wfh_wham,Business and Financial Operations Occupations,2021,0.2766435337406682,0.0415682716911322,0.0,Business and Financial Operations Occupations,2021,57.25490196078431,43.657754010695186,-5.649216208222407,11.48401745500034,105113.92465753424,11.150716721631412,77389.36697247706,102.98905210929045,135.8247634909809,255,7.450980392156863,36.86274509803922,10.588235294117647,6.2745098039215685,14.901960784313726,37.15415019762846
EDU_ASSISTANCE,Business and Financial Operations Occupations,2022,-0.0053301070037775,0.058440998339329,0.927,Business and Financial Operations Occupations,2022,64.38356164383562,12.450741227247143,43.657754010695186,11.570784661550553,112553.23404255319,11.174811772662489,80288.94230769231,103.54344124038629,140.1852245247098,438,12.785388127853881,34.93150684931507,7.76255707762557,6.621004566210045,21.461187214611872,47.004608294930875
WLB,Business and Financial Operations Occupations,2022,-0.2547447612804138,0.039848571170575,0.0,Business and Financial Operations Occupations,2022,64.38356164383562,12.450741227247143,43.657754010695186,11.570784661550553,112553.23404255319,11.174811772662489,80288.94230769231,103.54344124038629,140.1852245247098,438,12.785388127853881,34.93150684931507,7.76255707762557,6.621004566210045,21.461187214611872,47.004608294930875
PAID_LEAVE,Business and Financial Operations Occupations,2022,-0.2693485970594674,0.0410806216700327,0.0,Business and Financial Operations Occupations,2022,64.38356164383562,12.450741227247143,43.657754010695186,11.570784661550553,112553.23404255319,11.174811772662489,80288.94230769231,103.54344124038629,140.1852245247098,438,12.785388127853881,34.93150684931507,7.76255707762557,6.621004566210045,21.461187214611872,47.004608294930875
HEALTH_WELLBEING,Business and Financial Operations Occupations,2022,-0.1021914553488786,0.0708520580249087,0.149,Business and Financial Operations Occupations,2022,64.38356164383562,12.450741227247143,43.657754010695186,11.570784661550553,112553.23404255319,11.174811772662489,80288.94230769231,103.54344124038629,140.1852245247098,438,12.785388127853881,34.93150684931507,7.76255707762557,6.621004566210045,21.461187214611872,47.004608294930875
PARENTAL_LEAVE,Business and Financial Operations Occupations,2022,0.3528309569898465,0.0616163986390956,0.0,Business and Financial Operations Occupations,2022,64.38356164383562,12.450741227247143,43.657754010695186,11.570784661550553,112553.23404255319,11.174811772662489,80288.94230769231,103.54344124038629,140.1852245247098,438,12.785388127853881,34.93150684931507,7.76255707762557,6.621004566210045,21.461187214611872,47.004608294930875
CULTURE,Business and Financial Operations Occupations,2022,0.4224566076742877,0.0374415217096196,0.0,Business and Financial Operations Occupations,2022,64.38356164383562,12.450741227247143,43.657754010695186,11.570784661550553,112553.23404255319,11.174811772662489,80288.94230769231,103.54344124038629,140.1852245247098,438,12.785388127853881,34.93150684931507,7.76255707762557,6.621004566210045,21.461187214611872,47.004608294930875
wfh_wham,Business and Financial Operations Occupations,2022,0.380125701405797,0.0343999249230812,0.0,Business and Financial Operations Occupations,2022,64.38356164383562,12.450741227247143,43.657754010695186,11.570784661550553,112553.23404255319,11.174811772662489,80288.94230769231,103.54344124038629,140.1852245247098,438,12.785388127853881,34.93150684931507,7.76255707762557,6.621004566210045,21.461187214611872,47.004608294930875
EDU_ASSISTANCE,Business and Financial Operations Occupations,2020,-0.1200162061193154,0.1155576536872546,0.299,Business and Financial Operations Occupations,2020,39.85507246376812,-5.649216208222407,-15.517241379310354,11.467874192507024,103331.3090909091,11.035493765294971,68529.15662650602,103.91808863661205,150.7844458878721,138,1.4492753623188406,21.73913043478261,2.898550724637681,0.7246376811594203,2.1739130434782608,22.962962962962962
WLB,Business and Financial Operations Occupations,2020,-0.4308062115536259,0.0701633734828962,0.0,Business and Financial Operations Occupations,2020,39.85507246376812,-5.649216208222407,-15.517241379310354,11.467874192507024,103331.3090909091,11.035493765294971,68529.15662650602,103.91808863661205,150.7844458878721,138,1.4492753623188406,21.73913043478261,2.898550724637681,0.7246376811594203,2.1739130434782608,22.962962962962962
PAID_LEAVE,Business and Financial Operations Occupations,2020,-0.449758432901352,0.0734096593236557,0.0,Business and Financial Operations Occupations,2020,39.85507246376812,-5.649216208222407,-15.517241379310354,11.467874192507024,103331.3090909091,11.035493765294971,68529.15662650602,103.91808863661205,150.7844458878721,138,1.4492753623188406,21.73913043478261,2.898550724637681,0.7246376811594203,2.1739130434782608,22.962962962962962
HEALTH_WELLBEING,Business and Financial Operations Occupations,2020,-0.0796116745402197,0.1465031132591332,0.587,Business and Financial Operations Occupations,2020,39.85507246376812,-5.649216208222407,-15.517241379310354,11.467874192507024,103331.3090909091,11.035493765294971,68529.15662650602,103.91808863661205,150.7844458878721,138,1.4492753623188406,21.73913043478261,2.898550724637681,0.7246376811594203,2.1739130434782608,22.962962962962962
PARENTAL_LEAVE,Business and Financial Operations Occupations,2020,0.4573374480155527,0.1360407548075543,0.001,Business and Financial Operations Occupations,2020,39.85507246376812,-5.649216208222407,-15.517241379310354,11.467874192507024,103331.3090909091,11.035493765294971,68529.15662650602,103.91808863661205,150.7844458878721,138,1.4492753623188406,21.73913043478261,2.898550724637681,0.7246376811594203,2.1739130434782608,22.962962962962962
CULTURE,Business and Financial Operations Occupations,2020,0.4349734240591833,0.0720821262673167,0.0,Business and Financial Operations Occupations,2020,39.85507246376812,-5.649216208222407,-15.517241379310354,11.467874192507024,103331.3090909091,11.035493765294971,68529.15662650602,103.91808863661205,150.7844458878721,138,1.4492753623188406,21.73913043478261,2.898550724637681,0.7246376811594203,2.1739130434782608,22.962962962962962
wfh_wham,Business and Financial Operations Occupations,2020,-0.0740589622295796,0.0678400550894286,0.275,Business and Financial Operations Occupations,2020,39.85507246376812,-5.649216208222407,-15.517241379310354,11.467874192507024,103331.3090909091,11.035493765294971,68529.15662650602,103.91808863661205,150.7844458878721,138,1.4492753623188406,21.73913043478261,2.898550724637681,0.7246376811594203,2.1739130434782608,22.962962962962962
EDU_ASSISTANCE,Business and Financial Operations Occupations,2018,0.005266858161535,0.0993340722400254,0.958,Business and Financial Operations Occupations,2018,50.0,,,11.167939303045218,78478.90625,10.991936360894934,65716.65625,101.60120051983228,119.42011466841787,128,6.25,21.09375,1.5625,0.0,2.34375,
WLB,Business and Financial Operations Occupations,2018,-0.0583223700220396,0.0766542944360662,0.447,Business and Financial Operations Occupations,2018,50.0,,,11.167939303045218,78478.90625,10.991936360894934,65716.65625,101.60120051983228,119.42011466841787,128,6.25,21.09375,1.5625,0.0,2.34375,
PAID_LEAVE,Business and Financial Operations Occupations,2018,-0.0557338923595059,0.0806024748994346,0.489,Business and Financial Operations Occupations,2018,50.0,,,11.167939303045218,78478.90625,10.991936360894934,65716.65625,101.60120051983228,119.42011466841787,128,6.25,21.09375,1.5625,0.0,2.34375,
HEALTH_WELLBEING,Business and Financial Operations Occupations,2018,-0.2846611152372725,0.1855810395275919,0.125,Business and Financial Operations Occupations,2018,50.0,,,11.167939303045218,78478.90625,10.991936360894934,65716.65625,101.60120051983228,119.42011466841787,128,6.25,21.09375,1.5625,0.0,2.34375,
PARENTAL_LEAVE,Business and Financial Operations Occupations,2018,-0.087484000229131,0.292739929660613,0.765,Business and Financial Operations Occupations,2018,50.0,,,11.167939303045218,78478.90625,10.991936360894934,65716.65625,101.60120051983228,119.42011466841787,128,6.25,21.09375,1.5625,0.0,2.34375,
CULTURE,Business and Financial Operations Occupations,2018,0.5874645652126627,0.0702192095723357,0.0,Business and Financial Operations Occupations,2018,50.0,,,11.167939303045218,78478.90625,10.991936360894934,65716.65625,101.60120051983228,119.42011466841787,128,6.25,21.09375,1.5625,0.0,2.34375,
EDU_ASSISTANCE,Business and Financial Operations Occupations,2023,0.110188773616128,0.0633310017141166,0.082,Business and Financial Operations Occupations,2023,68.88489208633094,6.991428134088462,12.450741227247143,11.617049200006814,119042.10182767623,11.24030038115077,83127.04624277457,103.35176824533825,143.20501835228316,556,14.928057553956833,43.16546762589928,13.129496402877697,16.906474820143885,25.179856115107913,42.10526315789473
WLB,Business and Financial Operations Occupations,2023,-0.1867786395143733,0.0456120211021072,0.0,Business and Financial Operations Occupations,2023,68.88489208633094,6.991428134088462,12.450741227247143,11.617049200006814,119042.10182767623,11.24030038115077,83127.04624277457,103.35176824533825,143.20501835228316,556,14.928057553956833,43.16546762589928,13.129496402877697,16.906474820143885,25.179856115107913,42.10526315789473
PAID_LEAVE,Business and Financial Operations Occupations,2023,-0.1914974668366062,0.046450179723862,0.0,Business and Financial Operations Occupations,2023,68.88489208633094,6.991428134088462,12.450741227247143,11.617049200006814,119042.10182767623,11.24030038115077,83127.04624277457,103.35176824533825,143.20501835228316,556,14.928057553956833,43.16546762589928,13.129496402877697,16.906474820143885,25.179856115107913,42.10526315789473
HEALTH_WELLBEING,Business and Financial Operations Occupations,2023,0.1258779658248156,0.0726062876583067,0.083,Business and Financial Operations Occupations,2023,68.88489208633094,6.991428134088462,12.450741227247143,11.617049200006814,119042.10182767623,11.24030038115077,83127.04624277457,103.35176824533825,143.20501835228316,556,14.928057553956833,43.16546762589928,13.129496402877697,16.906474820143885,25.179856115107913,42.10526315789473
PARENTAL_LEAVE,Business and Financial Operations Occupations,2023,0.3968677147386406,0.0644667738201616,0.0,Business and Financial Operations Occupations,2023,68.88489208633094,6.991428134088462,12.450741227247143,11.617049200006814,119042.10182767623,11.24030038115077,83127.04624277457,103.35176824533825,143.20501835228316,556,14.928057553956833,43.16546762589928,13.129496402877697,16.906474820143885,25.179856115107913,42.10526315789473
CULTURE,Business and Financial Operations Occupations,2023,0.6119772173703307,0.0461100358578743,0.0,Business and Financial Operations Occupations,2023,68.88489208633094,6.991428134088462,12.450741227247143,11.617049200006814,119042.10182767623,11.24030038115077,83127.04624277457,103.35176824533825,143.20501835228316,556,14.928057553956833,43.16546762589928,13.129496402877697,16.906474820143885,25.179856115107913,42.10526315789473
wfh_wham,Business and Financial Operations Occupations,2023,0.4997230720539049,0.0431038254413542,0.0,Business and Financial Operations Occupations,2023,68.88489208633094,6.991428134088462,12.450741227247143,11.617049200006814,119042.10182767623,11.24030038115077,83127.04624277457,103.35176824533825,143.20501835228316,556,14.928057553956833,43.16546762589928,13.129496402877697,16.906474820143885,25.179856115107913,42.10526315789473
EDU_ASSISTANCE,Community and Social Service Occupations,2019,-17.08897010175134,2526.274497285956,0.995,Community and Social Service Occupations,2019,7.6923076923076925,-38.46153846153846,,10.828658556241262,51359.0,10.807621871187898,53770.708333333336,100.19464675304238,95.51482878301925,26,3.8461538461538463,11.538461538461538,0.0,0.0,7.6923076923076925,4.166666666666666
WLB,Community and Social Service Occupations,2019,-1.0896177281593833,0.4673854474117859,0.02,Community and Social Service Occupations,2019,7.6923076923076925,-38.46153846153846,,10.828658556241262,51359.0,10.807621871187898,53770.708333333336,100.19464675304238,95.51482878301925,26,3.8461538461538463,11.538461538461538,0.0,0.0,7.6923076923076925,4.166666666666666
PAID_LEAVE,Community and Social Service Occupations,2019,-1.0200386063566091,0.4675174164964462,0.029,Community and Social Service Occupations,2019,7.6923076923076925,-38.46153846153846,,10.828658556241262,51359.0,10.807621871187898,53770.708333333336,100.19464675304238,95.51482878301925,26,3.8461538461538463,11.538461538461538,0.0,0.0,7.6923076923076925,4.166666666666666
HEALTH_WELLBEING,Community and Social Service Occupations,2019,0.4878121716631686,0.519144720885138,0.347,Community and Social Service Occupations,2019,7.6923076923076925,-38.46153846153846,,10.828658556241262,51359.0,10.807621871187898,53770.708333333336,100.19464675304238,95.51482878301925,26,3.8461538461538463,11.538461538461538,0.0,0.0,7.6923076923076925,4.166666666666666
PARENTAL_LEAVE,Community and Social Service Occupations,2019,-0.6989014967002994,1.0101800512566803,0.489,Community and Social Service Occupations,2019,7.6923076923076925,-38.46153846153846,,10.828658556241262,51359.0,10.807621871187898,53770.708333333336,100.19464675304238,95.51482878301925,26,3.8461538461538463,11.538461538461538,0.0,0.0,7.6923076923076925,4.166666666666666
CULTURE,Community and Social Service Occupations,2019,1.0835514191781916,0.3502363191467563,0.002,Community and Social Service Occupations,2019,7.6923076923076925,-38.46153846153846,,10.828658556241262,51359.0,10.807621871187898,53770.708333333336,100.19464675304238,95.51482878301925,26,3.8461538461538463,11.538461538461538,0.0,0.0,7.6923076923076925,4.166666666666666
wfh_wham,Community and Social Service Occupations,2019,0.5682971561019835,0.4367037023433883,0.193,Community and Social Service Occupations,2019,7.6923076923076925,-38.46153846153846,,10.828658556241262,51359.0,10.807621871187898,53770.708333333336,100.19464675304238,95.51482878301925,26,3.8461538461538463,11.538461538461538,0.0,0.0,7.6923076923076925,4.166666666666666
EDU_ASSISTANCE,Community and Social Service Occupations,2021,-1.2266267615200122,0.7203002974011671,0.089,Community and Social Service Occupations,2021,17.073170731707318,8.130081300813007,105.26315789473682,11.269833287207373,92866.71428571429,10.797247130657803,52644.294117647056,104.37691340052507,176.4041399779813,41,14.634146341463413,43.90243902439025,4.878048780487805,2.4390243902439024,9.75609756097561,19.51219512195122
WLB,Community and Social Service Occupations,2021,-1.4937458806620787,0.4003787088616812,0.0,Community and Social Service Occupations,2021,17.073170731707318,8.130081300813007,105.26315789473682,11.269833287207373,92866.71428571429,10.797247130657803,52644.294117647056,104.37691340052507,176.4041399779813,41,14.634146341463413,43.90243902439025,4.878048780487805,2.4390243902439024,9.75609756097561,19.51219512195122
PAID_LEAVE,Community and Social Service Occupations,2021,-2.047150471158278,0.5164964026081116,0.0,Community and Social Service Occupations,2021,17.073170731707318,8.130081300813007,105.26315789473682,11.269833287207373,92866.71428571429,10.797247130657803,52644.294117647056,104.37691340052507,176.4041399779813,41,14.634146341463413,43.90243902439025,4.878048780487805,2.4390243902439024,9.75609756097561,19.51219512195122
HEALTH_WELLBEING,Community and Social Service Occupations,2021,1.2216012762880026,0.3237350479911654,0.0,Community and Social Service Occupations,2021,17.073170731707318,8.130081300813007,105.26315789473682,11.269833287207373,92866.71428571429,10.797247130657803,52644.294117647056,104.37691340052507,176.4041399779813,41,14.634146341463413,43.90243902439025,4.878048780487805,2.4390243902439024,9.75609756097561,19.51219512195122
PARENTAL_LEAVE,Community and Social Service Occupations,2021,,,,Community and Social Service Occupations,2021,17.073170731707318,8.130081300813007,105.26315789473682,11.269833287207373,92866.71428571429,10.797247130657803,52644.294117647056,104.37691340052507,176.4041399779813,41,14.634146341463413,43.90243902439025,4.878048780487805,2.4390243902439024,9.75609756097561,19.51219512195122
CULTURE,Community and Social Service Occupations,2021,0.6530581894247266,0.3042712449631792,0.032,Community and Social Service Occupations,2021,17.073170731707318,8.130081300813007,105.26315789473682,11.269833287207373,92866.71428571429,10.797247130657803,52644.294117647056,104.37691340052507,176.4041399779813,41,14.634146341463413,43.90243902439025,4.878048780487805,2.4390243902439024,9.75609756097561,19.51219512195122
wfh_wham,Community and Social Service Occupations,2021,0.70104200499898,0.3057184491554236,0.022,Community and Social Service Occupations,2021,17.073170731707318,8.130081300813007,105.26315789473682,11.269833287207373,92866.71428571429,10.797247130657803,52644.294117647056,104.37691340052507,176.4041399779813,41,14.634146341463413,43.90243902439025,4.878048780487805,2.4390243902439024,9.75609756097561,19.51219512195122
EDU_ASSISTANCE,Community and Social Service Occupations,2022,-0.483795407351996,0.3683611701138394,0.189,Community and Social Service Occupations,2022,22.950819672131146,34.42622950819671,8.130081300813007,10.823757589638694,56536.28571428572,10.944958751684272,62431.95744680851,98.89263025292875,90.55664442758206,61,16.39344262295082,39.34426229508197,11.475409836065573,8.19672131147541,19.672131147540984,13.114754098360656
WLB,Community and Social Service Occupations,2022,-0.7703729569756016,0.2271230195682124,0.001,Community and Social Service Occupations,2022,22.950819672131146,34.42622950819671,8.130081300813007,10.823757589638694,56536.28571428572,10.944958751684272,62431.95744680851,98.89263025292875,90.55664442758206,61,16.39344262295082,39.34426229508197,11.475409836065573,8.19672131147541,19.672131147540984,13.114754098360656
PAID_LEAVE,Community and Social Service Occupations,2022,-0.9123416017764308,0.2426041524672748,0.0,Community and Social Service Occupations,2022,22.950819672131146,34.42622950819671,8.130081300813007,10.823757589638694,56536.28571428572,10.944958751684272,62431.95744680851,98.89263025292875,90.55664442758206,61,16.39344262295082,39.34426229508197,11.475409836065573,8.19672131147541,19.672131147540984,13.114754098360656
HEALTH_WELLBEING,Community and Social Service Occupations,2022,-0.3482921614962312,0.4592230688470489,0.448,Community and Social Service Occupations,2022,22.950819672131146,34.42622950819671,8.130081300813007,10.823757589638694,56536.28571428572,10.944958751684272,62431.95744680851,98.89263025292875,90.55664442758206,61,16.39344262295082,39.34426229508197,11.475409836065573,8.19672131147541,19.672131147540984,13.114754098360656
PARENTAL_LEAVE,Community and Social Service Occupations,2022,0.0334420699104434,0.3916137414960726,0.932,Community and Social Service Occupations,2022,22.950819672131146,34.42622950819671,8.130081300813007,10.823757589638694,56536.28571428572,10.944958751684272,62431.95744680851,98.89263025292875,90.55664442758206,61,16.39344262295082,39.34426229508197,11.475409836065573,8.19672131147541,19.672131147540984,13.114754098360656
CULTURE,Community and Social Service Occupations,2022,0.9170412230317868,0.2005674236509709,0.0,Community and Social Service Occupations,2022,22.950819672131146,34.42622950819671,8.130081300813007,10.823757589638694,56536.28571428572,10.944958751684272,62431.95744680851,98.89263025292875,90.55664442758206,61,16.39344262295082,39.34426229508197,11.475409836065573,8.19672131147541,19.672131147540984,13.114754098360656
wfh_wham,Community and Social Service Occupations,2022,0.7339177586242467,0.2239385225217152,0.001,Community and Social Service Occupations,2022,22.950819672131146,34.42622950819671,8.130081300813007,10.823757589638694,56536.28571428572,10.944958751684272,62431.95744680851,98.89263025292875,90.55664442758206,61,16.39344262295082,39.34426229508197,11.475409836065573,8.19672131147541,19.672131147540984,13.114754098360656
EDU_ASSISTANCE,Community and Social Service Occupations,2020,-18.268931266527755,4897.208776643639,0.997,Community and Social Service Occupations,2020,15.789473684210526,105.26315789473682,-38.46153846153846,10.87867151995885,54559.666666666664,10.571580560180433,41805.375,102.90487272012214,130.50873641646956,19,15.789473684210526,47.368421052631575,5.263157894736842,5.263157894736842,0.0,0.0
WLB,Community and Social Service Occupations,2020,-0.6861008403170261,0.412239784559186,0.096,Community and Social Service Occupations,2020,15.789473684210526,105.26315789473682,-38.46153846153846,10.87867151995885,54559.666666666664,10.571580560180433,41805.375,102.90487272012214,130.50873641646956,19,15.789473684210526,47.368421052631575,5.263157894736842,5.263157894736842,0.0,0.0
PAID_LEAVE,Community and Social Service Occupations,2020,-0.6194077010909685,0.412129214448817,0.133,Community and Social Service Occupations,2020,15.789473684210526,105.26315789473682,-38.46153846153846,10.87867151995885,54559.666666666664,10.571580560180433,41805.375,102.90487272012214,130.50873641646956,19,15.789473684210526,47.368421052631575,5.263157894736842,5.263157894736842,0.0,0.0
HEALTH_WELLBEING,Community and Social Service Occupations,2020,0.1398425313375756,0.7251981576836244,0.847,Community and Social Service Occupations,2020,15.789473684210526,105.26315789473682,-38.46153846153846,10.87867151995885,54559.666666666664,10.571580560180433,41805.375,102.90487272012214,130.50873641646956,19,15.789473684210526,47.368421052631575,5.263157894736842,5.263157894736842,0.0,0.0
PARENTAL_LEAVE,Community and Social Service Occupations,2020,-0.6314059697360321,1.012768456344964,0.533,Community and Social Service Occupations,2020,15.789473684210526,105.26315789473682,-38.46153846153846,10.87867151995885,54559.666666666664,10.571580560180433,41805.375,102.90487272012214,130.50873641646956,19,15.789473684210526,47.368421052631575,5.263157894736842,5.263157894736842,0.0,0.0
CULTURE,Community and Social Service Occupations,2020,0.7070602969714689,0.4407778986611978,0.109,Community and Social Service Occupations,2020,15.789473684210526,105.26315789473682,-38.46153846153846,10.87867151995885,54559.666666666664,10.571580560180433,41805.375,102.90487272012214,130.50873641646956,19,15.789473684210526,47.368421052631575,5.263157894736842,5.263157894736842,0.0,0.0
wfh_wham,Community and Social Service Occupations,2020,1.0925497594993254,0.3407445098403263,0.001,Community and Social Service Occupations,2020,15.789473684210526,105.26315789473682,-38.46153846153846,10.87867151995885,54559.666666666664,10.571580560180433,41805.375,102.90487272012214,130.50873641646956,19,15.789473684210526,47.368421052631575,5.263157894736842,5.263157894736842,0.0,0.0
EDU_ASSISTANCE,Community and Social Service Occupations,2018,-0.0328377283531408,0.7255278815430477,0.964,Community and Social Service Occupations,2018,12.5,,,10.493907456487007,40747.0,10.840746839730354,58294.78571428572,96.80059512161826,69.89818986505776,16,0.0,12.5,0.0,0.0,6.25,
WLB,Community and Social Service Occupations,2018,0.2173430065932109,0.3881314836409703,0.575,Community and Social Service Occupations,2018,12.5,,,10.493907456487007,40747.0,10.840746839730354,58294.78571428572,96.80059512161826,69.89818986505776,16,0.0,12.5,0.0,0.0,6.25,
PAID_LEAVE,Community and Social Service Occupations,2018,0.2957660980626778,0.38836020168859,0.446,Community and Social Service Occupations,2018,12.5,,,10.493907456487007,40747.0,10.840746839730354,58294.78571428572,96.80059512161826,69.89818986505776,16,0.0,12.5,0.0,0.0,6.25,
HEALTH_WELLBEING,Community and Social Service Occupations,2018,1.6703924300616533,0.4144088019975813,0.0,Community and Social Service Occupations,2018,12.5,,,10.493907456487007,40747.0,10.840746839730354,58294.78571428572,96.80059512161826,69.89818986505776,16,0.0,12.5,0.0,0.0,6.25,
PARENTAL_LEAVE,Community and Social Service Occupations,2018,0.5882478663900629,0.7287173493543745,0.42,Community and Social Service Occupations,2018,12.5,,,10.493907456487007,40747.0,10.840746839730354,58294.78571428572,96.80059512161826,69.89818986505776,16,0.0,12.5,0.0,0.0,6.25,
CULTURE,Community and Social Service Occupations,2018,0.3592988174552096,0.6002263710407199,0.549,Community and Social Service Occupations,2018,12.5,,,10.493907456487007,40747.0,10.840746839730354,58294.78571428572,96.80059512161826,69.89818986505776,16,0.0,12.5,0.0,0.0,6.25,
EDU_ASSISTANCE,Community and Social Service Occupations,2023,-0.6301695130370579,0.4254513276157129,0.139,Community and Social Service Occupations,2023,17.647058823529413,-23.109243697478988,34.42622950819671,11.109960894843647,73181.86666666667,10.963790383970112,62269.68571428571,101.33321146934044,117.52406620847538,85,10.588235294117647,44.70588235294118,8.235294117647058,9.411764705882353,23.52941176470588,9.411764705882353
WLB,Community and Social Service Occupations,2023,-0.1549391848659045,0.224625768069262,0.49,Community and Social Service Occupations,2023,17.647058823529413,-23.109243697478988,34.42622950819671,11.109960894843647,73181.86666666667,10.963790383970112,62269.68571428571,101.33321146934044,117.52406620847538,85,10.588235294117647,44.70588235294118,8.235294117647058,9.411764705882353,23.52941176470588,9.411764705882353
PAID_LEAVE,Community and Social Service Occupations,2023,-0.1626311249148895,0.2284226471053336,0.476,Community and Social Service Occupations,2023,17.647058823529413,-23.109243697478988,34.42622950819671,11.109960894843647,73181.86666666667,10.963790383970112,62269.68571428571,101.33321146934044,117.52406620847538,85,10.588235294117647,44.70588235294118,8.235294117647058,9.411764705882353,23.52941176470588,9.411764705882353
HEALTH_WELLBEING,Community and Social Service Occupations,2023,0.1682468532754934,0.3967663055256372,0.672,Community and Social Service Occupations,2023,17.647058823529413,-23.109243697478988,34.42622950819671,11.109960894843647,73181.86666666667,10.963790383970112,62269.68571428571,101.33321146934044,117.52406620847538,85,10.588235294117647,44.70588235294118,8.235294117647058,9.411764705882353,23.52941176470588,9.411764705882353
PARENTAL_LEAVE,Community and Social Service Occupations,2023,0.002052315973455,0.395959009524869,0.996,Community and Social Service Occupations,2023,17.647058823529413,-23.109243697478988,34.42622950819671,11.109960894843647,73181.86666666667,10.963790383970112,62269.68571428571,101.33321146934044,117.52406620847538,85,10.588235294117647,44.70588235294118,8.235294117647058,9.411764705882353,23.52941176470588,9.411764705882353
CULTURE,Community and Social Service Occupations,2023,1.2230737557618332,0.2203169926254324,0.0,Community and Social Service Occupations,2023,17.647058823529413,-23.109243697478988,34.42622950819671,11.109960894843647,73181.86666666667,10.963790383970112,62269.68571428571,101.33321146934044,117.52406620847538,85,10.588235294117647,44.70588235294118,8.235294117647058,9.411764705882353,23.52941176470588,9.411764705882353
wfh_wham,Community and Social Service Occupations,2023,0.7787305950488885,0.2483825382439081,0.002,Community and Social Service Occupations,2023,17.647058823529413,-23.109243697478988,34.42622950819671,11.109960894843647,73181.86666666667,10.963790383970112,62269.68571428571,101.33321146934044,117.52406620847538,85,10.588235294117647,44.70588235294118,8.235294117647058,9.411764705882353,23.52941176470588,9.411764705882353
EDU_ASSISTANCE,Computer and Mathematical Occupations,2019,-0.0402192663471406,0.0561182461171546,0.474,Computer and Mathematical Occupations,2019,82.82828282828282,-1.729155966444118,,11.741133666288988,133064.03048780488,11.343320057768999,97576.04411764706,103.50702974520698,136.3695686693038,396,2.272727272727273,16.666666666666664,3.787878787878788,0.5050505050505051,2.525252525252525,12.176165803108809
WLB,Computer and Mathematical Occupations,2019,0.033991375581676,0.0308299429768672,0.27,Computer and Mathematical Occupations,2019,82.82828282828282,-1.729155966444118,,11.741133666288988,133064.03048780488,11.343320057768999,97576.04411764706,103.50702974520698,136.3695686693038,396,2.272727272727273,16.666666666666664,3.787878787878788,0.5050505050505051,2.525252525252525,12.176165803108809
PAID_LEAVE,Computer and Mathematical Occupations,2019,0.0057293464734448,0.0325789753289022,0.86,Computer and Mathematical Occupations,2019,82.82828282828282,-1.729155966444118,,11.741133666288988,133064.03048780488,11.343320057768999,97576.04411764706,103.50702974520698,136.3695686693038,396,2.272727272727273,16.666666666666664,3.787878787878788,0.5050505050505051,2.525252525252525,12.176165803108809
HEALTH_WELLBEING,Computer and Mathematical Occupations,2019,0.1650173729674307,0.0635678463009495,0.009,Computer and Mathematical Occupations,2019,82.82828282828282,-1.729155966444118,,11.741133666288988,133064.03048780488,11.343320057768999,97576.04411764706,103.50702974520698,136.3695686693038,396,2.272727272727273,16.666666666666664,3.787878787878788,0.5050505050505051,2.525252525252525,12.176165803108809
PARENTAL_LEAVE,Computer and Mathematical Occupations,2019,0.6412062355372992,0.0718933408348043,0.0,Computer and Mathematical Occupations,2019,82.82828282828282,-1.729155966444118,,11.741133666288988,133064.03048780488,11.343320057768999,97576.04411764706,103.50702974520698,136.3695686693038,396,2.272727272727273,16.666666666666664,3.787878787878788,0.5050505050505051,2.525252525252525,12.176165803108809
CULTURE,Computer and Mathematical Occupations,2019,0.3608377916538608,0.0318011586304293,0.0,Computer and Mathematical Occupations,2019,82.82828282828282,-1.729155966444118,,11.741133666288988,133064.03048780488,11.343320057768999,97576.04411764706,103.50702974520698,136.3695686693038,396,2.272727272727273,16.666666666666664,3.787878787878788,0.5050505050505051,2.525252525252525,12.176165803108809
wfh_wham,Computer and Mathematical Occupations,2019,-0.2782149737113313,0.0409928577449017,0.0,Computer and Mathematical Occupations,2019,82.82828282828282,-1.729155966444118,,11.741133666288988,133064.03048780488,11.343320057768999,97576.04411764706,103.50702974520698,136.3695686693038,396,2.272727272727273,16.666666666666664,3.787878787878788,0.5050505050505051,2.525252525252525,12.176165803108809
EDU_ASSISTANCE,Computer and Mathematical Occupations,2021,0.0751808106676018,0.0383817818564322,0.05,Computer and Mathematical Occupations,2021,94.27359490986214,7.562160149816122,5.816135084427776,11.706164173192875,126693.35433070867,11.480837763301544,106965.35185185185,101.962630380612,118.44335772033949,943,5.090137857900318,26.82926829268293,6.044538706256628,6.256627783669141,13.57370095440085,46.170212765957444
WLB,Computer and Mathematical Occupations,2021,0.0468526926827261,0.0229035403189771,0.041,Computer and Mathematical Occupations,2021,94.27359490986214,7.562160149816122,5.816135084427776,11.706164173192875,126693.35433070867,11.480837763301544,106965.35185185185,101.962630380612,118.44335772033949,943,5.090137857900318,26.82926829268293,6.044538706256628,6.256627783669141,13.57370095440085,46.170212765957444
PAID_LEAVE,Computer and Mathematical Occupations,2021,0.0107199647862238,0.0240656499290231,0.656,Computer and Mathematical Occupations,2021,94.27359490986214,7.562160149816122,5.816135084427776,11.706164173192875,126693.35433070867,11.480837763301544,106965.35185185185,101.962630380612,118.44335772033949,943,5.090137857900318,26.82926829268293,6.044538706256628,6.256627783669141,13.57370095440085,46.170212765957444
HEALTH_WELLBEING,Computer and Mathematical Occupations,2021,0.10874007398373,0.0441671782866473,0.014,Computer and Mathematical Occupations,2021,94.27359490986214,7.562160149816122,5.816135084427776,11.706164173192875,126693.35433070867,11.480837763301544,106965.35185185185,101.962630380612,118.44335772033949,943,5.090137857900318,26.82926829268293,6.044538706256628,6.256627783669141,13.57370095440085,46.170212765957444
PARENTAL_LEAVE,Computer and Mathematical Occupations,2021,0.5202358937471991,0.0385124956216089,0.0,Computer and Mathematical Occupations,2021,94.27359490986214,7.562160149816122,5.816135084427776,11.706164173192875,126693.35433070867,11.480837763301544,106965.35185185185,101.962630380612,118.44335772033949,943,5.090137857900318,26.82926829268293,6.044538706256628,6.256627783669141,13.57370095440085,46.170212765957444
CULTURE,Computer and Mathematical Occupations,2021,0.5438554226711807,0.0216554396324517,0.0,Computer and Mathematical Occupations,2021,94.27359490986214,7.562160149816122,5.816135084427776,11.706164173192875,126693.35433070867,11.480837763301544,106965.35185185185,101.962630380612,118.44335772033949,943,5.090137857900318,26.82926829268293,6.044538706256628,6.256627783669141,13.57370095440085,46.170212765957444
wfh_wham,Computer and Mathematical Occupations,2021,0.1133645589375098,0.0186448411074064,0.0,Computer and Mathematical Occupations,2021,94.27359490986214,7.562160149816122,5.816135084427776,11.706164173192875,126693.35433070867,11.480837763301544,106965.35185185185,101.962630380612,118.44335772033949,943,5.090137857900318,26.82926829268293,6.044538706256628,6.256627783669141,13.57370095440085,46.170212765957444
EDU_ASSISTANCE,Computer and Mathematical Occupations,2022,0.0558717033337235,0.0295362338159056,0.059,Computer and Mathematical Occupations,2022,93.61567635903918,-0.6978821073408858,7.562160149816122,11.746434362164653,132865.7218095881,11.538652365007707,112253.08910891089,101.8007475273895,118.36264183400628,1582,9.987357774968395,33.24905183312263,10.429835651074589,8.217446270543615,22.060682680151707,52.9449423815621
WLB,Computer and Mathematical Occupations,2022,0.080956023800083,0.0185044006268608,0.0,Computer and Mathematical Occupations,2022,93.61567635903918,-0.6978821073408858,7.562160149816122,11.746434362164653,132865.7218095881,11.538652365007707,112253.08910891089,101.8007475273895,118.36264183400628,1582,9.987357774968395,33.24905183312263,10.429835651074589,8.217446270543615,22.060682680151707,52.9449423815621
PAID_LEAVE,Computer and Mathematical Occupations,2022,0.0131523441939496,0.019430630574991,0.498,Computer and Mathematical Occupations,2022,93.61567635903918,-0.6978821073408858,7.562160149816122,11.746434362164653,132865.7218095881,11.538652365007707,112253.08910891089,101.8007475273895,118.36264183400628,1582,9.987357774968395,33.24905183312263,10.429835651074589,8.217446270543615,22.060682680151707,52.9449423815621
HEALTH_WELLBEING,Computer and Mathematical Occupations,2022,0.0634012732055902,0.035202716467969,0.072,Computer and Mathematical Occupations,2022,93.61567635903918,-0.6978821073408858,7.562160149816122,11.746434362164653,132865.7218095881,11.538652365007707,112253.08910891089,101.8007475273895,118.36264183400628,1582,9.987357774968395,33.24905183312263,10.429835651074589,8.217446270543615,22.060682680151707,52.9449423815621
PARENTAL_LEAVE,Computer and Mathematical Occupations,2022,0.5057916241653251,0.0285156294237809,0.0,Computer and Mathematical Occupations,2022,93.61567635903918,-0.6978821073408858,7.562160149816122,11.746434362164653,132865.7218095881,11.538652365007707,112253.08910891089,101.8007475273895,118.36264183400628,1582,9.987357774968395,33.24905183312263,10.429835651074589,8.217446270543615,22.060682680151707,52.9449423815621
CULTURE,Computer and Mathematical Occupations,2022,0.4638649965488257,0.0176885909624802,0.0,Computer and Mathematical Occupations,2022,93.61567635903918,-0.6978821073408858,7.562160149816122,11.746434362164653,132865.7218095881,11.538652365007707,112253.08910891089,101.8007475273895,118.36264183400628,1582,9.987357774968395,33.24905183312263,10.429835651074589,8.217446270543615,22.060682680151707,52.9449423815621
wfh_wham,Computer and Mathematical Occupations,2022,0.1537139571627748,0.0157683478084444,0.0,Computer and Mathematical Occupations,2022,93.61567635903918,-0.6978821073408858,7.562160149816122,11.746434362164653,132865.7218095881,11.538652365007707,112253.08910891089,101.8007475273895,118.36264183400628,1582,9.987357774968395,33.24905183312263,10.429835651074589,8.217446270543615,22.060682680151707,52.9449423815621
EDU_ASSISTANCE,Computer and Mathematical Occupations,2020,-0.0232632657715008,0.0555677312398878,0.675,Computer and Mathematical Occupations,2020,87.64568764568764,5.816135084427776,-1.729155966444118,11.741470503455126,131931.74734042553,11.30328733929893,92719.03773584905,103.87659935559397,142.29197213660817,429,2.564102564102564,13.986013986013987,1.8648018648018647,0.6993006993006993,1.8648018648018647,29.64705882352941
WLB,Computer and Mathematical Occupations,2020,-0.0717277780958632,0.0324633017375913,0.027,Computer and Mathematical Occupations,2020,87.64568764568764,5.816135084427776,-1.729155966444118,11.741470503455126,131931.74734042553,11.30328733929893,92719.03773584905,103.87659935559397,142.29197213660817,429,2.564102564102564,13.986013986013987,1.8648018648018647,0.6993006993006993,1.8648018648018647,29.64705882352941
PAID_LEAVE,Computer and Mathematical Occupations,2020,-0.0953211502702886,0.0342008129857873,0.005,Computer and Mathematical Occupations,2020,87.64568764568764,5.816135084427776,-1.729155966444118,11.741470503455126,131931.74734042553,11.30328733929893,92719.03773584905,103.87659935559397,142.29197213660817,429,2.564102564102564,13.986013986013987,1.8648018648018647,0.6993006993006993,1.8648018648018647,29.64705882352941
HEALTH_WELLBEING,Computer and Mathematical Occupations,2020,0.022046552222129,0.0659138075195074,0.738,Computer and Mathematical Occupations,2020,87.64568764568764,5.816135084427776,-1.729155966444118,11.741470503455126,131931.74734042553,11.30328733929893,92719.03773584905,103.87659935559397,142.29197213660817,429,2.564102564102564,13.986013986013987,1.8648018648018647,0.6993006993006993,1.8648018648018647,29.64705882352941
PARENTAL_LEAVE,Computer and Mathematical Occupations,2020,0.3966286824597854,0.0685773924612853,0.0,Computer and Mathematical Occupations,2020,87.64568764568764,5.816135084427776,-1.729155966444118,11.741470503455126,131931.74734042553,11.30328733929893,92719.03773584905,103.87659935559397,142.29197213660817,429,2.564102564102564,13.986013986013987,1.8648018648018647,0.6993006993006993,1.8648018648018647,29.64705882352941
CULTURE,Computer and Mathematical Occupations,2020,0.6406669900075207,0.0299404727407793,0.0,Computer and Mathematical Occupations,2020,87.64568764568764,5.816135084427776,-1.729155966444118,11.741470503455126,131931.74734042553,11.30328733929893,92719.03773584905,103.87659935559397,142.29197213660817,429,2.564102564102564,13.986013986013987,1.8648018648018647,0.6993006993006993,1.8648018648018647,29.64705882352941
wfh_wham,Computer and Mathematical Occupations,2020,0.0533499674244457,0.0269191608785674,0.047,Computer and Mathematical Occupations,2020,87.64568764568764,5.816135084427776,-1.729155966444118,11.741470503455126,131931.74734042553,11.30328733929893,92719.03773584905,103.87659935559397,142.29197213660817,429,2.564102564102564,13.986013986013987,1.8648018648018647,0.6993006993006993,1.8648018648018647,29.64705882352941
EDU_ASSISTANCE,Computer and Mathematical Occupations,2018,-0.1141983722356062,0.0610856204435685,0.062,Computer and Mathematical Occupations,2018,84.28571428571429,,,11.65040696074178,122122.42372881356,11.3440175718302,95407.67272727273,102.7008895831792,128.00063164511536,350,1.7142857142857144,16.57142857142857,1.4285714285714286,0.2857142857142857,2.2857142857142856,
WLB,Computer and Mathematical Occupations,2018,0.1378689369505517,0.03493858707248,0.0,Computer and Mathematical Occupations,2018,84.28571428571429,,,11.65040696074178,122122.42372881356,11.3440175718302,95407.67272727273,102.7008895831792,128.00063164511536,350,1.7142857142857144,16.57142857142857,1.4285714285714286,0.2857142857142857,2.2857142857142856,
PAID_LEAVE,Computer and Mathematical Occupations,2018,0.1125897890446608,0.0370678668059574,0.002,Computer and Mathematical Occupations,2018,84.28571428571429,,,11.65040696074178,122122.42372881356,11.3440175718302,95407.67272727273,102.7008895831792,128.00063164511536,350,1.7142857142857144,16.57142857142857,1.4285714285714286,0.2857142857142857,2.2857142857142856,
HEALTH_WELLBEING,Computer and Mathematical Occupations,2018,0.2811656323588988,0.0794208825674306,0.0,Computer and Mathematical Occupations,2018,84.28571428571429,,,11.65040696074178,122122.42372881356,11.3440175718302,95407.67272727273,102.7008895831792,128.00063164511536,350,1.7142857142857144,16.57142857142857,1.4285714285714286,0.2857142857142857,2.2857142857142856,
PARENTAL_LEAVE,Computer and Mathematical Occupations,2018,0.5087718648337985,0.1082999385042496,0.0,Computer and Mathematical Occupations,2018,84.28571428571429,,,11.65040696074178,122122.42372881356,11.3440175718302,95407.67272727273,102.7008895831792,128.00063164511536,350,1.7142857142857144,16.57142857142857,1.4285714285714286,0.2857142857142857,2.2857142857142856,
CULTURE,Computer and Mathematical Occupations,2018,0.3469154655476788,0.0350115273878579,0.0,Computer and Mathematical Occupations,2018,84.28571428571429,,,11.65040696074178,122122.42372881356,11.3440175718302,95407.67272727273,102.7008895831792,128.00063164511536,350,1.7142857142857144,16.57142857142857,1.4285714285714286,0.2857142857142857,2.2857142857142856,
EDU_ASSISTANCE,Computer and Mathematical Occupations,2023,0.1929465010301929,0.0312329464707721,0.0,Computer and Mathematical Occupations,2023,94.73684210526315,1.197626070578206,-0.6978821073408858,11.833421255648611,145997.39248971193,11.50005990724293,107761.3425925926,102.89877923327795,135.48215805149744,2052,14.181286549707602,37.37816764132554,9.113060428849902,19.980506822612085,29.629629629629626,41.45863925599608
WLB,Computer and Mathematical Occupations,2023,0.1388869544137367,0.0218483176375528,0.0,Computer and Mathematical Occupations,2023,94.73684210526315,1.197626070578206,-0.6978821073408858,11.833421255648611,145997.39248971193,11.50005990724293,107761.3425925926,102.89877923327795,135.48215805149744,2052,14.181286549707602,37.37816764132554,9.113060428849902,19.980506822612085,29.629629629629626,41.45863925599608
PAID_LEAVE,Computer and Mathematical Occupations,2023,0.1372777875328747,0.0222891858939625,0.0,Computer and Mathematical Occupations,2023,94.73684210526315,1.197626070578206,-0.6978821073408858,11.833421255648611,145997.39248971193,11.50005990724293,107761.3425925926,102.89877923327795,135.48215805149744,2052,14.181286549707602,37.37816764132554,9.113060428849902,19.980506822612085,29.629629629629626,41.45863925599608
HEALTH_WELLBEING,Computer and Mathematical Occupations,2023,0.2198922541377509,0.0382261466379109,0.0,Computer and Mathematical Occupations,2023,94.73684210526315,1.197626070578206,-0.6978821073408858,11.833421255648611,145997.39248971193,11.50005990724293,107761.3425925926,102.89877923327795,135.48215805149744,2052,14.181286549707602,37.37816764132554,9.113060428849902,19.980506822612085,29.629629629629626,41.45863925599608
PARENTAL_LEAVE,Computer and Mathematical Occupations,2023,0.5138846239679181,0.0293470213338818,0.0,Computer and Mathematical Occupations,2023,94.73684210526315,1.197626070578206,-0.6978821073408858,11.833421255648611,145997.39248971193,11.50005990724293,107761.3425925926,102.89877923327795,135.48215805149744,2052,14.181286549707602,37.37816764132554,9.113060428849902,19.980506822612085,29.629629629629626,41.45863925599608
CULTURE,Computer and Mathematical Occupations,2023,0.4824723509890588,0.0230286718076973,0.0,Computer and Mathematical Occupations,2023,94.73684210526315,1.197626070578206,-0.6978821073408858,11.833421255648611,145997.39248971193,11.50005990724293,107761.3425925926,102.89877923327795,135.48215805149744,2052,14.181286549707602,37.37816764132554,9.113060428849902,19.980506822612085,29.629629629629626,41.45863925599608
wfh_wham,Computer and Mathematical Occupations,2023,0.1695134470246215,0.0206560919563059,0.0,Computer and Mathematical Occupations,2023,94.73684210526315,1.197626070578206,-0.6978821073408858,11.833421255648611,145997.39248971193,11.50005990724293,107761.3425925926,102.89877923327795,135.48215805149744,2052,14.181286549707602,37.37816764132554,9.113060428849902,19.980506822612085,29.629629629629626,41.45863925599608
EDU_ASSISTANCE,Educational Instruction and Library Occupations,2019,-0.4510227022585173,0.4190337495004604,0.282,Educational Instruction and Library Occupations,2019,24.324324324324326,-2.7027027027026973,,10.816989362096905,57296.11111111111,10.566462959637315,44355.392857142855,102.37095803407983,129.17507301907332,37,2.7027027027027026,16.216216216216218,0.0,2.7027027027027026,2.7027027027027026,8.108108108108109
WLB,Educational Instruction and Library Occupations,2019,-0.1057588415170389,0.233529389063265,0.651,Educational Instruction and Library Occupations,2019,24.324324324324326,-2.7027027027026973,,10.816989362096905,57296.11111111111,10.566462959637315,44355.392857142855,102.37095803407983,129.17507301907332,37,2.7027027027027026,16.216216216216218,0.0,2.7027027027027026,2.7027027027027026,8.108108108108109
PAID_LEAVE,Educational Instruction and Library Occupations,2019,-0.3844549212822717,0.2719756671305723,0.157,Educational Instruction and Library Occupations,2019,24.324324324324326,-2.7027027027026973,,10.816989362096905,57296.11111111111,10.566462959637315,44355.392857142855,102.37095803407983,129.17507301907332,37,2.7027027027027026,16.216216216216218,0.0,2.7027027027027026,2.7027027027027026,8.108108108108109
HEALTH_WELLBEING,Educational Instruction and Library Occupations,2019,-0.5602393896064177,0.5127656816603229,0.275,Educational Instruction and Library Occupations,2019,24.324324324324326,-2.7027027027026973,,10.816989362096905,57296.11111111111,10.566462959637315,44355.392857142855,102.37095803407983,129.17507301907332,37,2.7027027027027026,16.216216216216218,0.0,2.7027027027027026,2.7027027027027026,8.108108108108109
PARENTAL_LEAVE,Educational Instruction and Library Occupations,2019,-0.7226769431418644,1.0052922317867616,0.472,Educational Instruction and Library Occupations,2019,24.324324324324326,-2.7027027027026973,,10.816989362096905,57296.11111111111,10.566462959637315,44355.392857142855,102.37095803407983,129.17507301907332,37,2.7027027027027026,16.216216216216218,0.0,2.7027027027027026,2.7027027027027026,8.108108108108109
CULTURE,Educational Instruction and Library Occupations,2019,0.7336293918880938,0.1766220923130353,0.0,Educational Instruction and Library Occupations,2019,24.324324324324326,-2.7027027027026973,,10.816989362096905,57296.11111111111,10.566462959637315,44355.392857142855,102.37095803407983,129.17507301907332,37,2.7027027027027026,16.216216216216218,0.0,2.7027027027027026,2.7027027027027026,8.108108108108109
wfh_wham,Educational Instruction and Library Occupations,2019,0.2352273175217914,0.3294464727300957,0.475,Educational Instruction and Library Occupations,2019,24.324324324324326,-2.7027027027026973,,10.816989362096905,57296.11111111111,10.566462959637315,44355.392857142855,102.37095803407983,129.17507301907332,37,2.7027027027027026,16.216216216216218,0.0,2.7027027027027026,2.7027027027027026,8.108108108108109
EDU_ASSISTANCE,Educational Instruction and Library Occupations,2021,-1.6495149858178295,0.5825472794170672,0.005,Educational Instruction and Library Occupations,2021,20.3125,128.515625,-63.4567901234568,11.0787783731865,71476.0,10.715166621902927,50260.333333333336,103.393430677413,142.21155185335022,64,10.9375,39.0625,4.6875,6.25,12.5,6.349206349206349
WLB,Educational Instruction and Library Occupations,2021,-0.3962487078471032,0.1968214736050884,0.044,Educational Instruction and Library Occupations,2021,20.3125,128.515625,-63.4567901234568,11.0787783731865,71476.0,10.715166621902927,50260.333333333336,103.393430677413,142.21155185335022,64,10.9375,39.0625,4.6875,6.25,12.5,6.349206349206349
PAID_LEAVE,Educational Instruction and Library Occupations,2021,-1.046245789250686,0.268887749341979,0.0,Educational Instruction and Library Occupations,2021,20.3125,128.515625,-63.4567901234568,11.0787783731865,71476.0,10.715166621902927,50260.333333333336,103.393430677413,142.21155185335022,64,10.9375,39.0625,4.6875,6.25,12.5,6.349206349206349
HEALTH_WELLBEING,Educational Instruction and Library Occupations,2021,0.4477872984487401,0.2879733253360915,0.12,Educational Instruction and Library Occupations,2021,20.3125,128.515625,-63.4567901234568,11.0787783731865,71476.0,10.715166621902927,50260.333333333336,103.393430677413,142.21155185335022,64,10.9375,39.0625,4.6875,6.25,12.5,6.349206349206349
PARENTAL_LEAVE,Educational Instruction and Library Occupations,2021,-0.21542773578278,0.5070926480339696,0.671,Educational Instruction and Library Occupations,2021,20.3125,128.515625,-63.4567901234568,11.0787783731865,71476.0,10.715166621902927,50260.333333333336,103.393430677413,142.21155185335022,64,10.9375,39.0625,4.6875,6.25,12.5,6.349206349206349
CULTURE,Educational Instruction and Library Occupations,2021,1.2911573486515542,0.1375763799355416,0.0,Educational Instruction and Library Occupations,2021,20.3125,128.515625,-63.4567901234568,11.0787783731865,71476.0,10.715166621902927,50260.333333333336,103.393430677413,142.21155185335022,64,10.9375,39.0625,4.6875,6.25,12.5,6.349206349206349
wfh_wham,Educational Instruction and Library Occupations,2021,0.9519797574646373,0.1758029800696993,0.0,Educational Instruction and Library Occupations,2021,20.3125,128.515625,-63.4567901234568,11.0787783731865,71476.0,10.715166621902927,50260.333333333336,103.393430677413,142.21155185335022,64,10.9375,39.0625,4.6875,6.25,12.5,6.349206349206349
EDU_ASSISTANCE,Educational Instruction and Library Occupations,2022,-0.8975052217447389,0.3399041026403324,0.008,Educational Instruction and Library Occupations,2022,26.38888888888889,29.91452991452992,128.515625,11.220266197941045,84164.84210526316,10.74829392220958,51032.09433962264,104.3911366691993,164.92531453861062,72,9.722222222222223,27.77777777777778,2.7777777777777777,0.0,15.277777777777779,8.450704225352112
WLB,Educational Instruction and Library Occupations,2022,-0.3633074893654424,0.1546936814924747,0.019,Educational Instruction and Library Occupations,2022,26.38888888888889,29.91452991452992,128.515625,11.220266197941045,84164.84210526316,10.74829392220958,51032.09433962264,104.3911366691993,164.92531453861062,72,9.722222222222223,27.77777777777778,2.7777777777777777,0.0,15.277777777777779,8.450704225352112
PAID_LEAVE,Educational Instruction and Library Occupations,2022,-0.5488068607551232,0.1724702388200943,0.001,Educational Instruction and Library Occupations,2022,26.38888888888889,29.91452991452992,128.515625,11.220266197941045,84164.84210526316,10.74829392220958,51032.09433962264,104.3911366691993,164.92531453861062,72,9.722222222222223,27.77777777777778,2.7777777777777777,0.0,15.277777777777779,8.450704225352112
HEALTH_WELLBEING,Educational Instruction and Library Occupations,2022,-0.74532362405579,0.4135555307901067,0.072,Educational Instruction and Library Occupations,2022,26.38888888888889,29.91452991452992,128.515625,11.220266197941045,84164.84210526316,10.74829392220958,51032.09433962264,104.3911366691993,164.92531453861062,72,9.722222222222223,27.77777777777778,2.7777777777777777,0.0,15.277777777777779,8.450704225352112
PARENTAL_LEAVE,Educational Instruction and Library Occupations,2022,0.2383169535739717,0.2964341519843805,0.421,Educational Instruction and Library Occupations,2022,26.38888888888889,29.91452991452992,128.515625,11.220266197941045,84164.84210526316,10.74829392220958,51032.09433962264,104.3911366691993,164.92531453861062,72,9.722222222222223,27.77777777777778,2.7777777777777777,0.0,15.277777777777779,8.450704225352112
CULTURE,Educational Instruction and Library Occupations,2022,0.8199073973940042,0.1117802090528279,0.0,Educational Instruction and Library Occupations,2022,26.38888888888889,29.91452991452992,128.515625,11.220266197941045,84164.84210526316,10.74829392220958,51032.09433962264,104.3911366691993,164.92531453861062,72,9.722222222222223,27.77777777777778,2.7777777777777777,0.0,15.277777777777779,8.450704225352112
wfh_wham,Educational Instruction and Library Occupations,2022,1.0876501948781947,0.1484310333569464,0.0,Educational Instruction and Library Occupations,2022,26.38888888888889,29.91452991452992,128.515625,11.220266197941045,84164.84210526316,10.74829392220958,51032.09433962264,104.3911366691993,164.92531453861062,72,9.722222222222223,27.77777777777778,2.7777777777777777,0.0,15.277777777777779,8.450704225352112
EDU_ASSISTANCE,Educational Instruction and Library Occupations,2020,-1.360996091377722,0.7137834333494314,0.057,Educational Instruction and Library Occupations,2020,8.88888888888889,-63.4567901234568,-2.7027027027026973,11.087468655248538,68629.5,10.709443627406571,48738.90243902439,103.52982882205535,140.81051596486006,45,6.666666666666667,28.888888888888886,2.2222222222222223,2.2222222222222223,4.444444444444445,8.88888888888889
WLB,Educational Instruction and Library Occupations,2020,-0.2912644175145497,0.2662917521640543,0.274,Educational Instruction and Library Occupations,2020,8.88888888888889,-63.4567901234568,-2.7027027027026973,11.087468655248538,68629.5,10.709443627406571,48738.90243902439,103.52982882205535,140.81051596486006,45,6.666666666666667,28.888888888888886,2.2222222222222223,2.2222222222222223,4.444444444444445,8.88888888888889
PAID_LEAVE,Educational Instruction and Library Occupations,2020,-0.7138849656504145,0.329726889935986,0.03,Educational Instruction and Library Occupations,2020,8.88888888888889,-63.4567901234568,-2.7027027027026973,11.087468655248538,68629.5,10.709443627406571,48738.90243902439,103.52982882205535,140.81051596486006,45,6.666666666666667,28.888888888888886,2.2222222222222223,2.2222222222222223,4.444444444444445,8.88888888888889
HEALTH_WELLBEING,Educational Instruction and Library Occupations,2020,-1.0163336198495911,0.7176587840417097,0.157,Educational Instruction and Library Occupations,2020,8.88888888888889,-63.4567901234568,-2.7027027027026973,11.087468655248538,68629.5,10.709443627406571,48738.90243902439,103.52982882205535,140.81051596486006,45,6.666666666666667,28.888888888888886,2.2222222222222223,2.2222222222222223,4.444444444444445,8.88888888888889
PARENTAL_LEAVE,Educational Instruction and Library Occupations,2020,-8.241611157062602,49.03564229650435,0.867,Educational Instruction and Library Occupations,2020,8.88888888888889,-63.4567901234568,-2.7027027027026973,11.087468655248538,68629.5,10.709443627406571,48738.90243902439,103.52982882205535,140.81051596486006,45,6.666666666666667,28.888888888888886,2.2222222222222223,2.2222222222222223,4.444444444444445,8.88888888888889
CULTURE,Educational Instruction and Library Occupations,2020,1.158200725297638,0.1776970205704701,0.0,Educational Instruction and Library Occupations,2020,8.88888888888889,-63.4567901234568,-2.7027027027026973,11.087468655248538,68629.5,10.709443627406571,48738.90243902439,103.52982882205535,140.81051596486006,45,6.666666666666667,28.888888888888886,2.2222222222222223,2.2222222222222223,4.444444444444445,8.88888888888889
wfh_wham,Educational Instruction and Library Occupations,2020,0.5447823865595438,0.2612820055515322,0.037,Educational Instruction and Library Occupations,2020,8.88888888888889,-63.4567901234568,-2.7027027027026973,11.087468655248538,68629.5,10.709443627406571,48738.90243902439,103.52982882205535,140.81051596486006,45,6.666666666666667,28.888888888888886,2.2222222222222223,2.2222222222222223,4.444444444444445,8.88888888888889
EDU_ASSISTANCE,Educational Instruction and Library Occupations,2018,-1.8860708459124056,1.0091477064717955,0.062,Educational Instruction and Library Occupations,2018,25.0,,,10.925063646097469,59523.166666666664,10.703227958014727,46612.61111111111,102.07260546961095,127.69755919654553,24,4.166666666666666,0.0,0.0,0.0,4.166666666666666,
WLB,Educational Instruction and Library Occupations,2018,-1.1737308410396563,0.5099163044272164,0.021,Educational Instruction and Library Occupations,2018,25.0,,,10.925063646097469,59523.166666666664,10.703227958014727,46612.61111111111,102.07260546961095,127.69755919654553,24,4.166666666666666,0.0,0.0,0.0,4.166666666666666,
PAID_LEAVE,Educational Instruction and Library Occupations,2018,-1.3842053077454388,0.5866920221805959,0.018,Educational Instruction and Library Occupations,2018,25.0,,,10.925063646097469,59523.166666666664,10.703227958014727,46612.61111111111,102.07260546961095,127.69755919654553,24,4.166666666666666,0.0,0.0,0.0,4.166666666666666,
HEALTH_WELLBEING,Educational Instruction and Library Occupations,2018,-0.9496103149857594,0.7190125488751902,0.187,Educational Instruction and Library Occupations,2018,25.0,,,10.925063646097469,59523.166666666664,10.703227958014727,46612.61111111111,102.07260546961095,127.69755919654553,24,4.166666666666666,0.0,0.0,0.0,4.166666666666666,
PARENTAL_LEAVE,Educational Instruction and Library Occupations,2018,0.1018808966783729,1.0096620099883804,0.92,Educational Instruction and Library Occupations,2018,25.0,,,10.925063646097469,59523.166666666664,10.703227958014727,46612.61111111111,102.07260546961095,127.69755919654553,24,4.166666666666666,0.0,0.0,0.0,4.166666666666666,
CULTURE,Educational Instruction and Library Occupations,2018,0.5648074647662391,0.2197926492999053,0.01,Educational Instruction and Library Occupations,2018,25.0,,,10.925063646097469,59523.166666666664,10.703227958014727,46612.61111111111,102.07260546961095,127.69755919654553,24,4.166666666666666,0.0,0.0,0.0,4.166666666666666,
EDU_ASSISTANCE,Educational Instruction and Library Occupations,2023,-0.324179031794637,0.2259543903370378,0.151,Educational Instruction and Library Occupations,2023,38.52459016393443,45.987920621225186,29.91452991452992,11.371565739130993,96504.0425531915,10.775129992045562,54805.746666666666,105.53529978316487,176.08380219712635,122,8.19672131147541,28.688524590163933,7.377049180327869,4.098360655737705,19.672131147540984,9.01639344262295
WLB,Educational Instruction and Library Occupations,2023,0.0659446369924092,0.1188688421709135,0.579,Educational Instruction and Library Occupations,2023,38.52459016393443,45.987920621225186,29.91452991452992,11.371565739130993,96504.0425531915,10.775129992045562,54805.746666666666,105.53529978316487,176.08380219712635,122,8.19672131147541,28.688524590163933,7.377049180327869,4.098360655737705,19.672131147540984,9.01639344262295
PAID_LEAVE,Educational Instruction and Library Occupations,2023,-0.1672264840839247,0.1313903044634847,0.203,Educational Instruction and Library Occupations,2023,38.52459016393443,45.987920621225186,29.91452991452992,11.371565739130993,96504.0425531915,10.775129992045562,54805.746666666666,105.53529978316487,176.08380219712635,122,8.19672131147541,28.688524590163933,7.377049180327869,4.098360655737705,19.672131147540984,9.01639344262295
HEALTH_WELLBEING,Educational Instruction and Library Occupations,2023,-0.0255602127920239,0.2428962799875584,0.916,Educational Instruction and Library Occupations,2023,38.52459016393443,45.987920621225186,29.91452991452992,11.371565739130993,96504.0425531915,10.775129992045562,54805.746666666666,105.53529978316487,176.08380219712635,122,8.19672131147541,28.688524590163933,7.377049180327869,4.098360655737705,19.672131147540984,9.01639344262295
PARENTAL_LEAVE,Educational Instruction and Library Occupations,2023,0.2925834196082059,0.2661216889358197,0.272,Educational Instruction and Library Occupations,2023,38.52459016393443,45.987920621225186,29.91452991452992,11.371565739130993,96504.0425531915,10.775129992045562,54805.746666666666,105.53529978316487,176.08380219712635,122,8.19672131147541,28.688524590163933,7.377049180327869,4.098360655737705,19.672131147540984,9.01639344262295
CULTURE,Educational Instruction and Library Occupations,2023,0.8339584791899707,0.1058356442492248,0.0,Educational Instruction and Library Occupations,2023,38.52459016393443,45.987920621225186,29.91452991452992,11.371565739130993,96504.0425531915,10.775129992045562,54805.746666666666,105.53529978316487,176.08380219712635,122,8.19672131147541,28.688524590163933,7.377049180327869,4.098360655737705,19.672131147540984,9.01639344262295
wfh_wham,Educational Instruction and Library Occupations,2023,1.4284204894197277,0.1343542096307093,0.0,Educational Instruction and Library Occupations,2023,38.52459016393443,45.987920621225186,29.91452991452992,11.371565739130993,96504.0425531915,10.775129992045562,54805.746666666666,105.53529978316487,176.08380219712635,122,8.19672131147541,28.688524590163933,7.377049180327869,4.098360655737705,19.672131147540984,9.01639344262295
EDU_ASSISTANCE,Healthcare Practitioners and Technical Occupations,2019,-1.482551803585528,0.5836747510210406,0.011,Healthcare Practitioners and Technical Occupations,2019,12.048192771084338,32.53012048192772,,11.337879621340287,102556.4,11.284889738290751,92351.67123287672,100.46956491625909,111.04985825474746,83,3.614457831325301,21.686746987951807,2.4096385542168677,0.0,6.024096385542169,2.4096385542168677
WLB,Healthcare Practitioners and Technical Occupations,2019,-0.3180895578795673,0.2384621440096896,0.182,Healthcare Practitioners and Technical Occupations,2019,12.048192771084338,32.53012048192772,,11.337879621340287,102556.4,11.284889738290751,92351.67123287672,100.46956491625909,111.04985825474746,83,3.614457831325301,21.686746987951807,2.4096385542168677,0.0,6.024096385542169,2.4096385542168677
PAID_LEAVE,Healthcare Practitioners and Technical Occupations,2019,-0.3419156622492335,0.2498898411654723,0.171,Healthcare Practitioners and Technical Occupations,2019,12.048192771084338,32.53012048192772,,11.337879621340287,102556.4,11.284889738290751,92351.67123287672,100.46956491625909,111.04985825474746,83,3.614457831325301,21.686746987951807,2.4096385542168677,0.0,6.024096385542169,2.4096385542168677
HEALTH_WELLBEING,Healthcare Practitioners and Technical Occupations,2019,0.1044131582366616,0.4553743557165183,0.819,Healthcare Practitioners and Technical Occupations,2019,12.048192771084338,32.53012048192772,,11.337879621340287,102556.4,11.284889738290751,92351.67123287672,100.46956491625909,111.04985825474746,83,3.614457831325301,21.686746987951807,2.4096385542168677,0.0,6.024096385542169,2.4096385542168677
PARENTAL_LEAVE,Healthcare Practitioners and Technical Occupations,2019,,,,Healthcare Practitioners and Technical Occupations,2019,12.048192771084338,32.53012048192772,,11.337879621340287,102556.4,11.284889738290751,92351.67123287672,100.46956491625909,111.04985825474746,83,3.614457831325301,21.686746987951807,2.4096385542168677,0.0,6.024096385542169,2.4096385542168677
CULTURE,Healthcare Practitioners and Technical Occupations,2019,0.205127778492137,0.2723960712199612,0.451,Healthcare Practitioners and Technical Occupations,2019,12.048192771084338,32.53012048192772,,11.337879621340287,102556.4,11.284889738290751,92351.67123287672,100.46956491625909,111.04985825474746,83,3.614457831325301,21.686746987951807,2.4096385542168677,0.0,6.024096385542169,2.4096385542168677
wfh_wham,Healthcare Practitioners and Technical Occupations,2019,-1.0203333277864752,0.5906110569305051,0.084,Healthcare Practitioners and Technical Occupations,2019,12.048192771084338,32.53012048192772,,11.337879621340287,102556.4,11.284889738290751,92351.67123287672,100.46956491625909,111.04985825474746,83,3.614457831325301,21.686746987951807,2.4096385542168677,0.0,6.024096385542169,2.4096385542168677
EDU_ASSISTANCE,Healthcare Practitioners and Technical Occupations,2021,-1.4885494543801128,0.3597631519196564,0.0,Healthcare Practitioners and Technical Occupations,2021,11.920529801324504,83.57615894039738,-46.10389610389611,11.28765399919047,90257.33333333333,11.302998798202909,94759.99248120301,99.86424134615605,95.24835425798199,151,3.9735099337748347,29.13907284768212,3.3112582781456954,1.3245033112582782,5.960264900662252,7.9470198675496695
WLB,Healthcare Practitioners and Technical Occupations,2021,-0.8753385699952808,0.1778552344947197,0.0,Healthcare Practitioners and Technical Occupations,2021,11.920529801324504,83.57615894039738,-46.10389610389611,11.28765399919047,90257.33333333333,11.302998798202909,94759.99248120301,99.86424134615605,95.24835425798199,151,3.9735099337748347,29.13907284768212,3.3112582781456954,1.3245033112582782,5.960264900662252,7.9470198675496695
PAID_LEAVE,Healthcare Practitioners and Technical Occupations,2021,-0.8799199414263013,0.1842859487113017,0.0,Healthcare Practitioners and Technical Occupations,2021,11.920529801324504,83.57615894039738,-46.10389610389611,11.28765399919047,90257.33333333333,11.302998798202909,94759.99248120301,99.86424134615605,95.24835425798199,151,3.9735099337748347,29.13907284768212,3.3112582781456954,1.3245033112582782,5.960264900662252,7.9470198675496695
HEALTH_WELLBEING,Healthcare Practitioners and Technical Occupations,2021,0.0624084839641006,0.2962549244416998,0.833,Healthcare Practitioners and Technical Occupations,2021,11.920529801324504,83.57615894039738,-46.10389610389611,11.28765399919047,90257.33333333333,11.302998798202909,94759.99248120301,99.86424134615605,95.24835425798199,151,3.9735099337748347,29.13907284768212,3.3112582781456954,1.3245033112582782,5.960264900662252,7.9470198675496695
PARENTAL_LEAVE,Healthcare Practitioners and Technical Occupations,2021,-1.788601022210974,1.0027134960450277,0.074,Healthcare Practitioners and Technical Occupations,2021,11.920529801324504,83.57615894039738,-46.10389610389611,11.28765399919047,90257.33333333333,11.302998798202909,94759.99248120301,99.86424134615605,95.24835425798199,151,3.9735099337748347,29.13907284768212,3.3112582781456954,1.3245033112582782,5.960264900662252,7.9470198675496695
CULTURE,Healthcare Practitioners and Technical Occupations,2021,0.1251437682423291,0.1856045642521822,0.5,Healthcare Practitioners and Technical Occupations,2021,11.920529801324504,83.57615894039738,-46.10389610389611,11.28765399919047,90257.33333333333,11.302998798202909,94759.99248120301,99.86424134615605,95.24835425798199,151,3.9735099337748347,29.13907284768212,3.3112582781456954,1.3245033112582782,5.960264900662252,7.9470198675496695
wfh_wham,Healthcare Practitioners and Technical Occupations,2021,1.80006166796276,0.1528775052643836,0.0,Healthcare Practitioners and Technical Occupations,2021,11.920529801324504,83.57615894039738,-46.10389610389611,11.28765399919047,90257.33333333333,11.302998798202909,94759.99248120301,99.86424134615605,95.24835425798199,151,3.9735099337748347,29.13907284768212,3.3112582781456954,1.3245033112582782,5.960264900662252,7.9470198675496695
EDU_ASSISTANCE,Healthcare Practitioners and Technical Occupations,2022,-0.869525122442218,0.2599174631199783,0.001,Healthcare Practitioners and Technical Occupations,2022,9.56175298804781,-19.787516600265608,83.57615894039738,11.274864814497661,89745.20833333333,11.343068925307293,100288.7577092511,99.39871553934172,89.48680827567456,251,9.9601593625498,40.63745019920319,3.9840637450199203,3.9840637450199203,10.358565737051793,7.6
WLB,Healthcare Practitioners and Technical Occupations,2022,-0.6237776983179211,0.1612379876622217,0.0,Healthcare Practitioners and Technical Occupations,2022,9.56175298804781,-19.787516600265608,83.57615894039738,11.274864814497661,89745.20833333333,11.343068925307293,100288.7577092511,99.39871553934172,89.48680827567456,251,9.9601593625498,40.63745019920319,3.9840637450199203,3.9840637450199203,10.358565737051793,7.6
PAID_LEAVE,Healthcare Practitioners and Technical Occupations,2022,-0.6254382184715513,0.1653159426313974,0.0,Healthcare Practitioners and Technical Occupations,2022,9.56175298804781,-19.787516600265608,83.57615894039738,11.274864814497661,89745.20833333333,11.343068925307293,100288.7577092511,99.39871553934172,89.48680827567456,251,9.9601593625498,40.63745019920319,3.9840637450199203,3.9840637450199203,10.358565737051793,7.6
HEALTH_WELLBEING,Healthcare Practitioners and Technical Occupations,2022,-0.0869222661442369,0.3089920640527477,0.778,Healthcare Practitioners and Technical Occupations,2022,9.56175298804781,-19.787516600265608,83.57615894039738,11.274864814497661,89745.20833333333,11.343068925307293,100288.7577092511,99.39871553934172,89.48680827567456,251,9.9601593625498,40.63745019920319,3.9840637450199203,3.9840637450199203,10.358565737051793,7.6
PARENTAL_LEAVE,Healthcare Practitioners and Technical Occupations,2022,-0.312979493815965,0.3856825183539227,0.417,Healthcare Practitioners and Technical Occupations,2022,9.56175298804781,-19.787516600265608,83.57615894039738,11.274864814497661,89745.20833333333,11.343068925307293,100288.7577092511,99.39871553934172,89.48680827567456,251,9.9601593625498,40.63745019920319,3.9840637450199203,3.9840637450199203,10.358565737051793,7.6
CULTURE,Healthcare Practitioners and Technical Occupations,2022,0.8462158528544009,0.1458410824048349,0.0,Healthcare Practitioners and Technical Occupations,2022,9.56175298804781,-19.787516600265608,83.57615894039738,11.274864814497661,89745.20833333333,11.343068925307293,100288.7577092511,99.39871553934172,89.48680827567456,251,9.9601593625498,40.63745019920319,3.9840637450199203,3.9840637450199203,10.358565737051793,7.6
wfh_wham,Healthcare Practitioners and Technical Occupations,2022,1.4181409115396673,0.172546618598023,0.0,Healthcare Practitioners and Technical Occupations,2022,9.56175298804781,-19.787516600265608,83.57615894039738,11.274864814497661,89745.20833333333,11.343068925307293,100288.7577092511,99.39871553934172,89.48680827567456,251,9.9601593625498,40.63745019920319,3.9840637450199203,3.9840637450199203,10.358565737051793,7.6
EDU_ASSISTANCE,Healthcare Practitioners and Technical Occupations,2020,-0.5791392534471351,0.3630964593286893,0.111,Healthcare Practitioners and Technical Occupations,2020,6.493506493506493,-46.10389610389611,32.53012048192772,11.131791078505918,72800.0,11.259068738904638,90108.68055555556,98.8695542824166,80.79132837275974,77,5.194805194805195,19.480519480519483,1.2987012987012987,2.5974025974025974,9.090909090909092,2.631578947368421
WLB,Healthcare Practitioners and Technical Occupations,2020,-0.4421458169868863,0.2256378406074869,0.05,Healthcare Practitioners and Technical Occupations,2020,6.493506493506493,-46.10389610389611,32.53012048192772,11.131791078505918,72800.0,11.259068738904638,90108.68055555556,98.8695542824166,80.79132837275974,77,5.194805194805195,19.480519480519483,1.2987012987012987,2.5974025974025974,9.090909090909092,2.631578947368421
PAID_LEAVE,Healthcare Practitioners and Technical Occupations,2020,-0.3585361506018523,0.226198654674764,0.113,Healthcare Practitioners and Technical Occupations,2020,6.493506493506493,-46.10389610389611,32.53012048192772,11.131791078505918,72800.0,11.259068738904638,90108.68055555556,98.8695542824166,80.79132837275974,77,5.194805194805195,19.480519480519483,1.2987012987012987,2.5974025974025974,9.090909090909092,2.631578947368421
HEALTH_WELLBEING,Healthcare Practitioners and Technical Occupations,2020,-0.963533306710917,0.7115042793952671,0.176,Healthcare Practitioners and Technical Occupations,2020,6.493506493506493,-46.10389610389611,32.53012048192772,11.131791078505918,72800.0,11.259068738904638,90108.68055555556,98.8695542824166,80.79132837275974,77,5.194805194805195,19.480519480519483,1.2987012987012987,2.5974025974025974,9.090909090909092,2.631578947368421
PARENTAL_LEAVE,Healthcare Practitioners and Technical Occupations,2020,-0.6486139529628455,1.003763987954888,0.518,Healthcare Practitioners and Technical Occupations,2020,6.493506493506493,-46.10389610389611,32.53012048192772,11.131791078505918,72800.0,11.259068738904638,90108.68055555556,98.8695542824166,80.79132837275974,77,5.194805194805195,19.480519480519483,1.2987012987012987,2.5974025974025974,9.090909090909092,2.631578947368421
CULTURE,Healthcare Practitioners and Technical Occupations,2020,0.0924767640973143,0.2575528833165824,0.72,Healthcare Practitioners and Technical Occupations,2020,6.493506493506493,-46.10389610389611,32.53012048192772,11.131791078505918,72800.0,11.259068738904638,90108.68055555556,98.8695542824166,80.79132837275974,77,5.194805194805195,19.480519480519483,1.2987012987012987,2.5974025974025974,9.090909090909092,2.631578947368421
wfh_wham,Healthcare Practitioners and Technical Occupations,2020,0.149456872347562,0.3479185005269101,0.668,Healthcare Practitioners and Technical Occupations,2020,6.493506493506493,-46.10389610389611,32.53012048192772,11.131791078505918,72800.0,11.259068738904638,90108.68055555556,98.8695542824166,80.79132837275974,77,5.194805194805195,19.480519480519483,1.2987012987012987,2.5974025974025974,9.090909090909092,2.631578947368421
EDU_ASSISTANCE,Healthcare Practitioners and Technical Occupations,2018,-1.5198110873773971,0.5828966211529963,0.009,Healthcare Practitioners and Technical Occupations,2018,9.090909090909092,,,10.816324797740494,51936.28571428572,11.180927323177958,79589.47142857143,96.73906720883834,65.25522130260231,77,5.194805194805195,15.584415584415584,9.090909090909092,0.0,6.493506493506493,
WLB,Healthcare Practitioners and Technical Occupations,2018,-0.3989914497607453,0.2781544366492052,0.151,Healthcare Practitioners and Technical Occupations,2018,9.090909090909092,,,10.816324797740494,51936.28571428572,11.180927323177958,79589.47142857143,96.73906720883834,65.25522130260231,77,5.194805194805195,15.584415584415584,9.090909090909092,0.0,6.493506493506493,
PAID_LEAVE,Healthcare Practitioners and Technical Occupations,2018,-0.378218016268112,0.2879573610008701,0.189,Healthcare Practitioners and Technical Occupations,2018,9.090909090909092,,,10.816324797740494,51936.28571428572,11.180927323177958,79589.47142857143,96.73906720883834,65.25522130260231,77,5.194805194805195,15.584415584415584,9.090909090909092,0.0,6.493506493506493,
HEALTH_WELLBEING,Healthcare Practitioners and Technical Occupations,2018,-0.1892193846381018,0.582669316017821,0.745,Healthcare Practitioners and Technical Occupations,2018,9.090909090909092,,,10.816324797740494,51936.28571428572,11.180927323177958,79589.47142857143,96.73906720883834,65.25522130260231,77,5.194805194805195,15.584415584415584,9.090909090909092,0.0,6.493506493506493,
PARENTAL_LEAVE,Healthcare Practitioners and Technical Occupations,2018,1.9698532034823448,0.4234338015765389,0.0,Healthcare Practitioners and Technical Occupations,2018,9.090909090909092,,,10.816324797740494,51936.28571428572,11.180927323177958,79589.47142857143,96.73906720883834,65.25522130260231,77,5.194805194805195,15.584415584415584,9.090909090909092,0.0,6.493506493506493,
CULTURE,Healthcare Practitioners and Technical Occupations,2018,0.4662244781335853,0.3127061570315303,0.136,Healthcare Practitioners and Technical Occupations,2018,9.090909090909092,,,10.816324797740494,51936.28571428572,11.180927323177958,79589.47142857143,96.73906720883834,65.25522130260231,77,5.194805194805195,15.584415584415584,9.090909090909092,0.0,6.493506493506493,
EDU_ASSISTANCE,Healthcare Practitioners and Technical Occupations,2023,-0.8572810094140587,0.2426833126121953,0.0,Healthcare Practitioners and Technical Occupations,2023,9.401709401709402,-1.6737891737891752,-19.787516600265608,11.417107102790332,108753.66666666667,11.453038615624465,104468.95283018867,99.68627091866159,104.10142316965948,351,11.68091168091168,39.03133903133903,5.982905982905983,3.9886039886039883,10.541310541310542,4.297994269340974
WLB,Healthcare Practitioners and Technical Occupations,2023,-0.453913410970106,0.1491041122294611,0.002,Healthcare Practitioners and Technical Occupations,2023,9.401709401709402,-1.6737891737891752,-19.787516600265608,11.417107102790332,108753.66666666667,11.453038615624465,104468.95283018867,99.68627091866159,104.10142316965948,351,11.68091168091168,39.03133903133903,5.982905982905983,3.9886039886039883,10.541310541310542,4.297994269340974
PAID_LEAVE,Healthcare Practitioners and Technical Occupations,2023,-0.5335544217365591,0.1563009262259392,0.001,Healthcare Practitioners and Technical Occupations,2023,9.401709401709402,-1.6737891737891752,-19.787516600265608,11.417107102790332,108753.66666666667,11.453038615624465,104468.95283018867,99.68627091866159,104.10142316965948,351,11.68091168091168,39.03133903133903,5.982905982905983,3.9886039886039883,10.541310541310542,4.297994269340974
HEALTH_WELLBEING,Healthcare Practitioners and Technical Occupations,2023,0.1733171257205772,0.2858537659415453,0.544,Healthcare Practitioners and Technical Occupations,2023,9.401709401709402,-1.6737891737891752,-19.787516600265608,11.417107102790332,108753.66666666667,11.453038615624465,104468.95283018867,99.68627091866159,104.10142316965948,351,11.68091168091168,39.03133903133903,5.982905982905983,3.9886039886039883,10.541310541310542,4.297994269340974
PARENTAL_LEAVE,Healthcare Practitioners and Technical Occupations,2023,-0.609848728396596,0.3431490189950185,0.076,Healthcare Practitioners and Technical Occupations,2023,9.401709401709402,-1.6737891737891752,-19.787516600265608,11.417107102790332,108753.66666666667,11.453038615624465,104468.95283018867,99.68627091866159,104.10142316965948,351,11.68091168091168,39.03133903133903,5.982905982905983,3.9886039886039883,10.541310541310542,4.297994269340974
CULTURE,Healthcare Practitioners and Technical Occupations,2023,0.5796401255843636,0.1597445661292835,0.0,Healthcare Practitioners and Technical Occupations,2023,9.401709401709402,-1.6737891737891752,-19.787516600265608,11.417107102790332,108753.66666666667,11.453038615624465,104468.95283018867,99.68627091866159,104.10142316965948,351,11.68091168091168,39.03133903133903,5.982905982905983,3.9886039886039883,10.541310541310542,4.297994269340974
wfh_wham,Healthcare Practitioners and Technical Occupations,2023,1.8866313330753544,0.1714166511549896,0.0,Healthcare Practitioners and Technical Occupations,2023,9.401709401709402,-1.6737891737891752,-19.787516600265608,11.417107102790332,108753.66666666667,11.453038615624465,104468.95283018867,99.68627091866159,104.10142316965948,351,11.68091168091168,39.03133903133903,5.982905982905983,3.9886039886039883,10.541310541310542,4.297994269340974
EDU_ASSISTANCE,Legal Occupations,2019,-0.8870898390454871,1.015094415913528,0.382,Legal Occupations,2019,8.333333333333332,inf,,11.082142548877775,65000.0,10.96876880272118,64360.545454545456,101.03360503075302,100.99355053773769,12,0.0,25.0,8.333333333333332,8.333333333333332,8.333333333333332,25.0
WLB,Legal Occupations,2019,-0.8653593471695044,0.4670378170810711,0.064,Legal Occupations,2019,8.333333333333332,inf,,11.082142548877775,65000.0,10.96876880272118,64360.545454545456,101.03360503075302,100.99355053773769,12,0.0,25.0,8.333333333333332,8.333333333333332,8.333333333333332,25.0
PAID_LEAVE,Legal Occupations,2019,-0.7839932471590494,0.4673356302630033,0.093,Legal Occupations,2019,8.333333333333332,inf,,11.082142548877775,65000.0,10.96876880272118,64360.545454545456,101.03360503075302,100.99355053773769,12,0.0,25.0,8.333333333333332,8.333333333333332,8.333333333333332,25.0
HEALTH_WELLBEING,Legal Occupations,2019,,,,Legal Occupations,2019,8.333333333333332,inf,,11.082142548877775,65000.0,10.96876880272118,64360.545454545456,101.03360503075302,100.99355053773769,12,0.0,25.0,8.333333333333332,8.333333333333332,8.333333333333332,25.0
PARENTAL_LEAVE,Legal Occupations,2019,-0.264294634065308,1.0124530131090543,0.794,Legal Occupations,2019,8.333333333333332,inf,,11.082142548877775,65000.0,10.96876880272118,64360.545454545456,101.03360503075302,100.99355053773769,12,0.0,25.0,8.333333333333332,8.333333333333332,8.333333333333332,25.0
CULTURE,Legal Occupations,2019,0.0841511998546368,0.5232043104513423,0.872,Legal Occupations,2019,8.333333333333332,inf,,11.082142548877775,65000.0,10.96876880272118,64360.545454545456,101.03360503075302,100.99355053773769,12,0.0,25.0,8.333333333333332,8.333333333333332,8.333333333333332,25.0
wfh_wham,Legal Occupations,2019,-0.839608174529042,0.7222607336378767,0.245,Legal Occupations,2019,8.333333333333332,inf,,11.082142548877775,65000.0,10.96876880272118,64360.545454545456,101.03360503075302,100.99355053773769,12,0.0,25.0,8.333333333333332,8.333333333333332,8.333333333333332,25.0
EDU_ASSISTANCE,Legal Occupations,2021,-0.0328471622077762,0.5161367471623528,0.949,Legal Occupations,2021,21.73913043478261,52.17391304347827,71.42857142857144,11.479196240308214,107741.6,11.012196632227333,67188.16666666667,104.24074890484793,160.3579995485316,23,4.3478260869565215,52.17391304347826,8.695652173913043,4.3478260869565215,4.3478260869565215,39.130434782608695
WLB,Legal Occupations,2021,-0.6568152911685821,0.2716240673489694,0.016,Legal Occupations,2021,21.73913043478261,52.17391304347827,71.42857142857144,11.479196240308214,107741.6,11.012196632227333,67188.16666666667,104.24074890484793,160.3579995485316,23,4.3478260869565215,52.17391304347826,8.695652173913043,4.3478260869565215,4.3478260869565215,39.130434782608695
PAID_LEAVE,Legal Occupations,2021,-0.7349330485699435,0.2858166786761913,0.01,Legal Occupations,2021,21.73913043478261,52.17391304347827,71.42857142857144,11.479196240308214,107741.6,11.012196632227333,67188.16666666667,104.24074890484793,160.3579995485316,23,4.3478260869565215,52.17391304347826,8.695652173913043,4.3478260869565215,4.3478260869565215,39.130434782608695
HEALTH_WELLBEING,Legal Occupations,2021,-0.2635948574813422,0.5917197016954783,0.656,Legal Occupations,2021,21.73913043478261,52.17391304347827,71.42857142857144,11.479196240308214,107741.6,11.012196632227333,67188.16666666667,104.24074890484793,160.3579995485316,23,4.3478260869565215,52.17391304347826,8.695652173913043,4.3478260869565215,4.3478260869565215,39.130434782608695
PARENTAL_LEAVE,Legal Occupations,2021,0.1149026820965453,0.4635478867022382,0.804,Legal Occupations,2021,21.73913043478261,52.17391304347827,71.42857142857144,11.479196240308214,107741.6,11.012196632227333,67188.16666666667,104.24074890484793,160.3579995485316,23,4.3478260869565215,52.17391304347826,8.695652173913043,4.3478260869565215,4.3478260869565215,39.130434782608695
CULTURE,Legal Occupations,2021,0.6402501734500943,0.2525981056303612,0.011,Legal Occupations,2021,21.73913043478261,52.17391304347827,71.42857142857144,11.479196240308214,107741.6,11.012196632227333,67188.16666666667,104.24074890484793,160.3579995485316,23,4.3478260869565215,52.17391304347826,8.695652173913043,4.3478260869565215,4.3478260869565215,39.130434782608695
wfh_wham,Legal Occupations,2021,-0.0266277249630487,0.2491166547677487,0.915,Legal Occupations,2021,21.73913043478261,52.17391304347827,71.42857142857144,11.479196240308214,107741.6,11.012196632227333,67188.16666666667,104.24074890484793,160.3579995485316,23,4.3478260869565215,52.17391304347826,8.695652173913043,4.3478260869565215,4.3478260869565215,39.130434782608695
EDU_ASSISTANCE,Legal Occupations,2022,0.0714537708046915,0.4658911032374164,0.878,Legal Occupations,2022,29.629629629629626,36.29629629629627,52.17391304347827,11.414689698467189,111473.125,10.976979163856067,67160.1052631579,103.98753179793192,165.9811648049202,27,7.4074074074074066,37.03703703703704,0.0,7.4074074074074066,18.51851851851852,25.925925925925924
WLB,Legal Occupations,2022,-0.0914511411549774,0.2215421686438847,0.68,Legal Occupations,2022,29.629629629629626,36.29629629629627,52.17391304347827,11.414689698467189,111473.125,10.976979163856067,67160.1052631579,103.98753179793192,165.9811648049202,27,7.4074074074074066,37.03703703703704,0.0,7.4074074074074066,18.51851851851852,25.925925925925924
PAID_LEAVE,Legal Occupations,2022,-0.0090675537675459,0.2218940711076253,0.967,Legal Occupations,2022,29.629629629629626,36.29629629629627,52.17391304347827,11.414689698467189,111473.125,10.976979163856067,67160.1052631579,103.98753179793192,165.9811648049202,27,7.4074074074074066,37.03703703703704,0.0,7.4074074074074066,18.51851851851852,25.925925925925924
HEALTH_WELLBEING,Legal Occupations,2022,0.4801952201791492,0.3829951741408606,0.21,Legal Occupations,2022,29.629629629629626,36.29629629629627,52.17391304347827,11.414689698467189,111473.125,10.976979163856067,67160.1052631579,103.98753179793192,165.9811648049202,27,7.4074074074074066,37.03703703703704,0.0,7.4074074074074066,18.51851851851852,25.925925925925924
PARENTAL_LEAVE,Legal Occupations,2022,0.728483270309795,0.3262469023421386,0.026,Legal Occupations,2022,29.629629629629626,36.29629629629627,52.17391304347827,11.414689698467189,111473.125,10.976979163856067,67160.1052631579,103.98753179793192,165.9811648049202,27,7.4074074074074066,37.03703703703704,0.0,7.4074074074074066,18.51851851851852,25.925925925925924
CULTURE,Legal Occupations,2022,1.002168514651388,0.2261558091931613,0.0,Legal Occupations,2022,29.629629629629626,36.29629629629627,52.17391304347827,11.414689698467189,111473.125,10.976979163856067,67160.1052631579,103.98753179793192,165.9811648049202,27,7.4074074074074066,37.03703703703704,0.0,7.4074074074074066,18.51851851851852,25.925925925925924
wfh_wham,Legal Occupations,2022,0.2378529640681964,0.220881994631673,0.282,Legal Occupations,2022,29.629629629629626,36.29629629629627,52.17391304347827,11.414689698467189,111473.125,10.976979163856067,67160.1052631579,103.98753179793192,165.9811648049202,27,7.4074074074074066,37.03703703703704,0.0,7.4074074074074066,18.51851851851852,25.925925925925924
EDU_ASSISTANCE,Legal Occupations,2020,-19.117916164438004,12405.89402424064,0.999,Legal Occupations,2020,14.285714285714285,71.42857142857144,inf,12.323855681186558,225000.0,10.734648702457092,49592.833333333336,114.80446191374392,453.69458624734085,7,0.0,28.57142857142857,0.0,0.0,0.0,42.857142857142854
WLB,Legal Occupations,2020,-1.0880023786322186,0.527413651834126,0.039,Legal Occupations,2020,14.285714285714285,71.42857142857144,inf,12.323855681186558,225000.0,10.734648702457092,49592.833333333336,114.80446191374392,453.69458624734085,7,0.0,28.57142857142857,0.0,0.0,0.0,42.857142857142854
PAID_LEAVE,Legal Occupations,2020,-1.336674560869651,0.6009169187873697,0.026,Legal Occupations,2020,14.285714285714285,71.42857142857144,inf,12.323855681186558,225000.0,10.734648702457092,49592.833333333336,114.80446191374392,453.69458624734085,7,0.0,28.57142857142857,0.0,0.0,0.0,42.857142857142854
HEALTH_WELLBEING,Legal Occupations,2020,0.9765069112912204,0.6171136813127482,0.114,Legal Occupations,2020,14.285714285714285,71.42857142857144,inf,12.323855681186558,225000.0,10.734648702457092,49592.833333333336,114.80446191374392,453.69458624734085,7,0.0,28.57142857142857,0.0,0.0,0.0,42.857142857142854
PARENTAL_LEAVE,Legal Occupations,2020,-21.504650805277997,40597.91060994834,1.0,Legal Occupations,2020,14.285714285714285,71.42857142857144,inf,12.323855681186558,225000.0,10.734648702457092,49592.833333333336,114.80446191374392,453.69458624734085,7,0.0,28.57142857142857,0.0,0.0,0.0,42.857142857142854
CULTURE,Legal Occupations,2020,0.7079914637554018,0.4502720730916032,0.116,Legal Occupations,2020,14.285714285714285,71.42857142857144,inf,12.323855681186558,225000.0,10.734648702457092,49592.833333333336,114.80446191374392,453.69458624734085,7,0.0,28.57142857142857,0.0,0.0,0.0,42.857142857142854
wfh_wham,Legal Occupations,2020,-0.0267122228601926,0.4156951383885791,0.949,Legal Occupations,2020,14.285714285714285,71.42857142857144,inf,12.323855681186558,225000.0,10.734648702457092,49592.833333333336,114.80446191374392,453.69458624734085,7,0.0,28.57142857142857,0.0,0.0,0.0,42.857142857142854
EDU_ASSISTANCE,Legal Occupations,2023,0.526820336163883,0.344718830936174,0.126,Legal Occupations,2023,56.41025641025641,90.3846153846154,36.29629629629627,12.003529985897483,180910.4090909091,11.137130731289695,83905.17647058824,107.77937581511587,215.61292961981275,39,2.564102564102564,35.8974358974359,12.82051282051282,15.384615384615385,10.256410256410255,25.64102564102564
WLB,Legal Occupations,2023,-0.1229664978564649,0.2207275599654516,0.577,Legal Occupations,2023,56.41025641025641,90.3846153846154,36.29629629629627,12.003529985897483,180910.4090909091,11.137130731289695,83905.17647058824,107.77937581511587,215.61292961981275,39,2.564102564102564,35.8974358974359,12.82051282051282,15.384615384615385,10.256410256410255,25.64102564102564
PAID_LEAVE,Legal Occupations,2023,-0.0256805441793062,0.2208313309600182,0.907,Legal Occupations,2023,56.41025641025641,90.3846153846154,36.29629629629627,12.003529985897483,180910.4090909091,11.137130731289695,83905.17647058824,107.77937581511587,215.61292961981275,39,2.564102564102564,35.8974358974359,12.82051282051282,15.384615384615385,10.256410256410255,25.64102564102564
HEALTH_WELLBEING,Legal Occupations,2023,1.1632752878772328,0.3003279636032363,0.0,Legal Occupations,2023,56.41025641025641,90.3846153846154,36.29629629629627,12.003529985897483,180910.4090909091,11.137130731289695,83905.17647058824,107.77937581511587,215.61292961981275,39,2.564102564102564,35.8974358974359,12.82051282051282,15.384615384615385,10.256410256410255,25.64102564102564
PARENTAL_LEAVE,Legal Occupations,2023,1.243222872857583,0.2521509879692207,0.0,Legal Occupations,2023,56.41025641025641,90.3846153846154,36.29629629629627,12.003529985897483,180910.4090909091,11.137130731289695,83905.17647058824,107.77937581511587,215.61292961981275,39,2.564102564102564,35.8974358974359,12.82051282051282,15.384615384615385,10.256410256410255,25.64102564102564
CULTURE,Legal Occupations,2023,0.9557921533169138,0.2361110817350144,0.0,Legal Occupations,2023,56.41025641025641,90.3846153846154,36.29629629629627,12.003529985897483,180910.4090909091,11.137130731289695,83905.17647058824,107.77937581511587,215.61292961981275,39,2.564102564102564,35.8974358974359,12.82051282051282,15.384615384615385,10.256410256410255,25.64102564102564
wfh_wham,Legal Occupations,2023,0.1007491966697727,0.2313936696942946,0.663,Legal Occupations,2023,56.41025641025641,90.3846153846154,36.29629629629627,12.003529985897483,180910.4090909091,11.137130731289695,83905.17647058824,107.77937581511587,215.61292961981275,39,2.564102564102564,35.8974358974359,12.82051282051282,15.384615384615385,10.256410256410255,25.64102564102564
EDU_ASSISTANCE,"Life, Physical, and Social Science Occupations",2019,-0.4028146196998354,0.3623159581227601,0.266,"Life, Physical, and Social Science Occupations",2019,30.0,-34.0,,11.23630982274343,79896.66666666667,10.883977300946386,60040.71428571428,103.23716700297057,133.07081305939226,10,10.0,10.0,20.0,0.0,0.0,30.0
WLB,"Life, Physical, and Social Science Occupations",2019,-0.2994515957155146,0.1818820228202934,0.1,"Life, Physical, and Social Science Occupations",2019,30.0,-34.0,,11.23630982274343,79896.66666666667,10.883977300946386,60040.71428571428,103.23716700297057,133.07081305939226,10,10.0,10.0,20.0,0.0,0.0,30.0
PAID_LEAVE,"Life, Physical, and Social Science Occupations",2019,-0.640131176040621,0.214903972358913,0.003,"Life, Physical, and Social Science Occupations",2019,30.0,-34.0,,11.23630982274343,79896.66666666667,10.883977300946386,60040.71428571428,103.23716700297057,133.07081305939226,10,10.0,10.0,20.0,0.0,0.0,30.0
HEALTH_WELLBEING,"Life, Physical, and Social Science Occupations",2019,0.1340409664065389,0.3000323927111957,0.655,"Life, Physical, and Social Science Occupations",2019,30.0,-34.0,,11.23630982274343,79896.66666666667,10.883977300946386,60040.71428571428,103.23716700297057,133.07081305939226,10,10.0,10.0,20.0,0.0,0.0,30.0
PARENTAL_LEAVE,"Life, Physical, and Social Science Occupations",2019,0.0045826892168727,0.5904890185186136,0.994,"Life, Physical, and Social Science Occupations",2019,30.0,-34.0,,11.23630982274343,79896.66666666667,10.883977300946386,60040.71428571428,103.23716700297057,133.07081305939226,10,10.0,10.0,20.0,0.0,0.0,30.0
CULTURE,"Life, Physical, and Social Science Occupations",2019,0.499318345553254,0.1769424544572576,0.005,"Life, Physical, and Social Science Occupations",2019,30.0,-34.0,,11.23630982274343,79896.66666666667,10.883977300946386,60040.71428571428,103.23716700297057,133.07081305939226,10,10.0,10.0,20.0,0.0,0.0,30.0
wfh_wham,"Life, Physical, and Social Science Occupations",2019,-0.0364878529801947,0.2628995842558486,0.89,"Life, Physical, and Social Science Occupations",2019,30.0,-34.0,,11.23630982274343,79896.66666666667,10.883977300946386,60040.71428571428,103.23716700297057,133.07081305939226,10,10.0,10.0,20.0,0.0,0.0,30.0
EDU_ASSISTANCE,"Life, Physical, and Social Science Occupations",2021,0.2268279150207864,0.1757048770765619,0.197,"Life, Physical, and Social Science Occupations",2021,46.93877551020408,-15.510204081632661,85.18518518518519,11.209937107608564,80591.0,11.03972067289076,67114.61538461539,101.54185454289426,120.07965707343348,49,8.16326530612245,26.53061224489796,6.122448979591836,2.0408163265306123,10.204081632653061,22.448979591836736
WLB,"Life, Physical, and Social Science Occupations",2021,-0.4613886002614006,0.1266007252829991,0.0,"Life, Physical, and Social Science Occupations",2021,46.93877551020408,-15.510204081632661,85.18518518518519,11.209937107608564,80591.0,11.03972067289076,67114.61538461539,101.54185454289426,120.07965707343348,49,8.16326530612245,26.53061224489796,6.122448979591836,2.0408163265306123,10.204081632653061,22.448979591836736
PAID_LEAVE,"Life, Physical, and Social Science Occupations",2021,-0.5211319414187203,0.1378079373579494,0.0,"Life, Physical, and Social Science Occupations",2021,46.93877551020408,-15.510204081632661,85.18518518518519,11.209937107608564,80591.0,11.03972067289076,67114.61538461539,101.54185454289426,120.07965707343348,49,8.16326530612245,26.53061224489796,6.122448979591836,2.0408163265306123,10.204081632653061,22.448979591836736
HEALTH_WELLBEING,"Life, Physical, and Social Science Occupations",2021,0.5165264027250732,0.1726606153409108,0.003,"Life, Physical, and Social Science Occupations",2021,46.93877551020408,-15.510204081632661,85.18518518518519,11.209937107608564,80591.0,11.03972067289076,67114.61538461539,101.54185454289426,120.07965707343348,49,8.16326530612245,26.53061224489796,6.122448979591836,2.0408163265306123,10.204081632653061,22.448979591836736
PARENTAL_LEAVE,"Life, Physical, and Social Science Occupations",2021,0.0610579383670553,0.246237639109504,0.804,"Life, Physical, and Social Science Occupations",2021,46.93877551020408,-15.510204081632661,85.18518518518519,11.209937107608564,80591.0,11.03972067289076,67114.61538461539,101.54185454289426,120.07965707343348,49,8.16326530612245,26.53061224489796,6.122448979591836,2.0408163265306123,10.204081632653061,22.448979591836736
CULTURE,"Life, Physical, and Social Science Occupations",2021,0.4318591193603168,0.113840872409276,0.0,"Life, Physical, and Social Science Occupations",2021,46.93877551020408,-15.510204081632661,85.18518518518519,11.209937107608564,80591.0,11.03972067289076,67114.61538461539,101.54185454289426,120.07965707343348,49,8.16326530612245,26.53061224489796,6.122448979591836,2.0408163265306123,10.204081632653061,22.448979591836736
wfh_wham,"Life, Physical, and Social Science Occupations",2021,0.0985487399918847,0.1294093492356415,0.446,"Life, Physical, and Social Science Occupations",2021,46.93877551020408,-15.510204081632661,85.18518518518519,11.209937107608564,80591.0,11.03972067289076,67114.61538461539,101.54185454289426,120.07965707343348,49,8.16326530612245,26.53061224489796,6.122448979591836,2.0408163265306123,10.204081632653061,22.448979591836736
EDU_ASSISTANCE,"Life, Physical, and Social Science Occupations",2022,0.0678821041477111,0.1415763460640093,0.632,"Life, Physical, and Social Science Occupations",2022,62.71186440677966,33.60353721444363,-15.510204081632661,11.409836532087766,97603.05405405405,11.127771599406165,74492.04545454546,102.53478362816733,131.02480064614522,59,10.16949152542373,25.423728813559322,5.084745762711865,6.779661016949152,13.559322033898304,28.07017543859649
WLB,"Life, Physical, and Social Science Occupations",2022,-0.322903517601306,0.0952679578333572,0.001,"Life, Physical, and Social Science Occupations",2022,62.71186440677966,33.60353721444363,-15.510204081632661,11.409836532087766,97603.05405405405,11.127771599406165,74492.04545454546,102.53478362816733,131.02480064614522,59,10.16949152542373,25.423728813559322,5.084745762711865,6.779661016949152,13.559322033898304,28.07017543859649
PAID_LEAVE,"Life, Physical, and Social Science Occupations",2022,-0.4772969964676818,0.1051261222634396,0.0,"Life, Physical, and Social Science Occupations",2022,62.71186440677966,33.60353721444363,-15.510204081632661,11.409836532087766,97603.05405405405,11.127771599406165,74492.04545454546,102.53478362816733,131.02480064614522,59,10.16949152542373,25.423728813559322,5.084745762711865,6.779661016949152,13.559322033898304,28.07017543859649
HEALTH_WELLBEING,"Life, Physical, and Social Science Occupations",2022,0.2352540298467831,0.1480540538033172,0.112,"Life, Physical, and Social Science Occupations",2022,62.71186440677966,33.60353721444363,-15.510204081632661,11.409836532087766,97603.05405405405,11.127771599406165,74492.04545454546,102.53478362816733,131.02480064614522,59,10.16949152542373,25.423728813559322,5.084745762711865,6.779661016949152,13.559322033898304,28.07017543859649
PARENTAL_LEAVE,"Life, Physical, and Social Science Occupations",2022,0.5292876708068606,0.1517139123943038,0.0,"Life, Physical, and Social Science Occupations",2022,62.71186440677966,33.60353721444363,-15.510204081632661,11.409836532087766,97603.05405405405,11.127771599406165,74492.04545454546,102.53478362816733,131.02480064614522,59,10.16949152542373,25.423728813559322,5.084745762711865,6.779661016949152,13.559322033898304,28.07017543859649
CULTURE,"Life, Physical, and Social Science Occupations",2022,0.5482531170072755,0.0867304374050651,0.0,"Life, Physical, and Social Science Occupations",2022,62.71186440677966,33.60353721444363,-15.510204081632661,11.409836532087766,97603.05405405405,11.127771599406165,74492.04545454546,102.53478362816733,131.02480064614522,59,10.16949152542373,25.423728813559322,5.084745762711865,6.779661016949152,13.559322033898304,28.07017543859649
wfh_wham,"Life, Physical, and Social Science Occupations",2022,0.610419975090345,0.089543792912197,0.0,"Life, Physical, and Social Science Occupations",2022,62.71186440677966,33.60353721444363,-15.510204081632661,11.409836532087766,97603.05405405405,11.127771599406165,74492.04545454546,102.53478362816733,131.02480064614522,59,10.16949152542373,25.423728813559322,5.084745762711865,6.779661016949152,13.559322033898304,28.07017543859649
EDU_ASSISTANCE,"Life, Physical, and Social Science Occupations",2020,-0.3063538526639171,0.3252751814610595,0.346,"Life, Physical, and Social Science Occupations",2020,55.55555555555556,85.18518518518519,-34.0,11.244630247446455,81564.2,10.757094699034026,48749.583333333336,104.53222326337064,167.31260950948297,27,11.11111111111111,22.22222222222222,3.7037037037037033,3.7037037037037033,3.7037037037037033,25.925925925925924
WLB,"Life, Physical, and Social Science Occupations",2020,-0.4090610019721014,0.1806568536228916,0.024,"Life, Physical, and Social Science Occupations",2020,55.55555555555556,85.18518518518519,-34.0,11.244630247446455,81564.2,10.757094699034026,48749.583333333336,104.53222326337064,167.31260950948297,27,11.11111111111111,22.22222222222222,3.7037037037037033,3.7037037037037033,3.7037037037037033,25.925925925925924
PAID_LEAVE,"Life, Physical, and Social Science Occupations",2020,-0.7117004777170814,0.2138386807890067,0.001,"Life, Physical, and Social Science Occupations",2020,55.55555555555556,85.18518518518519,-34.0,11.244630247446455,81564.2,10.757094699034026,48749.583333333336,104.53222326337064,167.31260950948297,27,11.11111111111111,22.22222222222222,3.7037037037037033,3.7037037037037033,3.7037037037037033,25.925925925925924
HEALTH_WELLBEING,"Life, Physical, and Social Science Occupations",2020,0.2901856792050134,0.2709232827876274,0.284,"Life, Physical, and Social Science Occupations",2020,55.55555555555556,85.18518518518519,-34.0,11.244630247446455,81564.2,10.757094699034026,48749.583333333336,104.53222326337064,167.31260950948297,27,11.11111111111111,22.22222222222222,3.7037037037037033,3.7037037037037033,3.7037037037037033,25.925925925925924
PARENTAL_LEAVE,"Life, Physical, and Social Science Occupations",2020,0.8531811392854648,0.3517841528812445,0.015,"Life, Physical, and Social Science Occupations",2020,55.55555555555556,85.18518518518519,-34.0,11.244630247446455,81564.2,10.757094699034026,48749.583333333336,104.53222326337064,167.31260950948297,27,11.11111111111111,22.22222222222222,3.7037037037037033,3.7037037037037033,3.7037037037037033,25.925925925925924
CULTURE,"Life, Physical, and Social Science Occupations",2020,0.3928815556585953,0.164172046594167,0.017,"Life, Physical, and Social Science Occupations",2020,55.55555555555556,85.18518518518519,-34.0,11.244630247446455,81564.2,10.757094699034026,48749.583333333336,104.53222326337064,167.31260950948297,27,11.11111111111111,22.22222222222222,3.7037037037037033,3.7037037037037033,3.7037037037037033,25.925925925925924
wfh_wham,"Life, Physical, and Social Science Occupations",2020,0.3183796324495562,0.1798618383001696,0.077,"Life, Physical, and Social Science Occupations",2020,55.55555555555556,85.18518518518519,-34.0,11.244630247446455,81564.2,10.757094699034026,48749.583333333336,104.53222326337064,167.31260950948297,27,11.11111111111111,22.22222222222222,3.7037037037037033,3.7037037037037033,3.7037037037037033,25.925925925925924
EDU_ASSISTANCE,"Life, Physical, and Social Science Occupations",2018,-0.5043588295046894,0.4173848237077236,0.227,"Life, Physical, and Social Science Occupations",2018,45.45454545454545,,,11.221520273012448,81340.6,11.14528860518648,72051.91666666667,100.68398110202811,112.89165335643396,22,4.545454545454546,9.090909090909092,9.090909090909092,0.0,9.090909090909092,
WLB,"Life, Physical, and Social Science Occupations",2018,-0.3925956820581148,0.2469667764003675,0.112,"Life, Physical, and Social Science Occupations",2018,45.45454545454545,,,11.221520273012448,81340.6,11.14528860518648,72051.91666666667,100.68398110202811,112.89165335643396,22,4.545454545454546,9.090909090909092,9.090909090909092,0.0,9.090909090909092,
PAID_LEAVE,"Life, Physical, and Social Science Occupations",2018,-0.5513291847595482,0.277399889655255,0.047,"Life, Physical, and Social Science Occupations",2018,45.45454545454545,,,11.221520273012448,81340.6,11.14528860518648,72051.91666666667,100.68398110202811,112.89165335643396,22,4.545454545454546,9.090909090909092,9.090909090909092,0.0,9.090909090909092,
HEALTH_WELLBEING,"Life, Physical, and Social Science Occupations",2018,0.1357170791362619,0.3647936092547023,0.71,"Life, Physical, and Social Science Occupations",2018,45.45454545454545,,,11.221520273012448,81340.6,11.14528860518648,72051.91666666667,100.68398110202811,112.89165335643396,22,4.545454545454546,9.090909090909092,9.090909090909092,0.0,9.090909090909092,
PARENTAL_LEAVE,"Life, Physical, and Social Science Occupations",2018,0.27516912201066,0.7244358262512555,0.704,"Life, Physical, and Social Science Occupations",2018,45.45454545454545,,,11.221520273012448,81340.6,11.14528860518648,72051.91666666667,100.68398110202811,112.89165335643396,22,4.545454545454546,9.090909090909092,9.090909090909092,0.0,9.090909090909092,
CULTURE,"Life, Physical, and Social Science Occupations",2018,0.4537005771681796,0.2203712984993863,0.04,"Life, Physical, and Social Science Occupations",2018,45.45454545454545,,,11.221520273012448,81340.6,11.14528860518648,72051.91666666667,100.68398110202811,112.89165335643396,22,4.545454545454546,9.090909090909092,9.090909090909092,0.0,9.090909090909092,
EDU_ASSISTANCE,"Life, Physical, and Social Science Occupations",2023,0.1263128894094577,0.1526626398851317,0.408,"Life, Physical, and Social Science Occupations",2023,71.15384615384616,13.461538461538481,33.60353721444363,11.624024499401012,122654.08108108108,11.213510470513548,82137.76666666666,103.66088772973396,149.327265713029,104,8.653846153846153,36.53846153846153,5.769230769230769,11.538461538461538,30.76923076923077,41.17647058823529
WLB,"Life, Physical, and Social Science Occupations",2023,-0.3767387744626859,0.1067818150271463,0.0,"Life, Physical, and Social Science Occupations",2023,71.15384615384616,13.461538461538481,33.60353721444363,11.624024499401012,122654.08108108108,11.213510470513548,82137.76666666666,103.66088772973396,149.327265713029,104,8.653846153846153,36.53846153846153,5.769230769230769,11.538461538461538,30.76923076923077,41.17647058823529
PAID_LEAVE,"Life, Physical, and Social Science Occupations",2023,-0.2747747161061872,0.1141346997927706,0.016,"Life, Physical, and Social Science Occupations",2023,71.15384615384616,13.461538461538481,33.60353721444363,11.624024499401012,122654.08108108108,11.213510470513548,82137.76666666666,103.66088772973396,149.327265713029,104,8.653846153846153,36.53846153846153,5.769230769230769,11.538461538461538,30.76923076923077,41.17647058823529
HEALTH_WELLBEING,"Life, Physical, and Social Science Occupations",2023,-0.0269765275955027,0.1926167520134543,0.889,"Life, Physical, and Social Science Occupations",2023,71.15384615384616,13.461538461538481,33.60353721444363,11.624024499401012,122654.08108108108,11.213510470513548,82137.76666666666,103.66088772973396,149.327265713029,104,8.653846153846153,36.53846153846153,5.769230769230769,11.538461538461538,30.76923076923077,41.17647058823529
PARENTAL_LEAVE,"Life, Physical, and Social Science Occupations",2023,-0.2407462572697082,0.174099080397421,0.167,"Life, Physical, and Social Science Occupations",2023,71.15384615384616,13.461538461538481,33.60353721444363,11.624024499401012,122654.08108108108,11.213510470513548,82137.76666666666,103.66088772973396,149.327265713029,104,8.653846153846153,36.53846153846153,5.769230769230769,11.538461538461538,30.76923076923077,41.17647058823529
CULTURE,"Life, Physical, and Social Science Occupations",2023,0.1421104885214561,0.1099096477657008,0.196,"Life, Physical, and Social Science Occupations",2023,71.15384615384616,13.461538461538481,33.60353721444363,11.624024499401012,122654.08108108108,11.213510470513548,82137.76666666666,103.66088772973396,149.327265713029,104,8.653846153846153,36.53846153846153,5.769230769230769,11.538461538461538,30.76923076923077,41.17647058823529
wfh_wham,"Life, Physical, and Social Science Occupations",2023,0.3736997471545464,0.1119982118199006,0.001,"Life, Physical, and Social Science Occupations",2023,71.15384615384616,13.461538461538481,33.60353721444363,11.624024499401012,122654.08108108108,11.213510470513548,82137.76666666666,103.66088772973396,149.327265713029,104,8.653846153846153,36.53846153846153,5.769230769230769,11.538461538461538,30.76923076923077,41.17647058823529
EDU_ASSISTANCE,Management Occupations,2019,-0.6860407452614822,0.1409955047194262,0.0,Management Occupations,2019,34.90566037735849,-15.715600552231946,,11.55147247020071,118568.16216216216,11.08428328404796,77291.82608695653,104.21487952067329,153.40323571701882,106,2.8301886792452833,15.09433962264151,3.7735849056603774,2.8301886792452833,0.9433962264150944,7.6190476190476195
WLB,Management Occupations,2019,-0.5694511067292073,0.0728081842493343,0.0,Management Occupations,2019,34.90566037735849,-15.715600552231946,,11.55147247020071,118568.16216216216,11.08428328404796,77291.82608695653,104.21487952067329,153.40323571701882,106,2.8301886792452833,15.09433962264151,3.7735849056603774,2.8301886792452833,0.9433962264150944,7.6190476190476195
PAID_LEAVE,Management Occupations,2019,-0.619205831648311,0.0767443771201898,0.0,Management Occupations,2019,34.90566037735849,-15.715600552231946,,11.55147247020071,118568.16216216216,11.08428328404796,77291.82608695653,104.21487952067329,153.40323571701882,106,2.8301886792452833,15.09433962264151,3.7735849056603774,2.8301886792452833,0.9433962264150944,7.6190476190476195
HEALTH_WELLBEING,Management Occupations,2019,-0.3391679980410879,0.1484008804510999,0.022,Management Occupations,2019,34.90566037735849,-15.715600552231946,,11.55147247020071,118568.16216216216,11.08428328404796,77291.82608695653,104.21487952067329,153.40323571701882,106,2.8301886792452833,15.09433962264151,3.7735849056603774,2.8301886792452833,0.9433962264150944,7.6190476190476195
PARENTAL_LEAVE,Management Occupations,2019,0.3775944794079342,0.1495025405353574,0.012,Management Occupations,2019,34.90566037735849,-15.715600552231946,,11.55147247020071,118568.16216216216,11.08428328404796,77291.82608695653,104.21487952067329,153.40323571701882,106,2.8301886792452833,15.09433962264151,3.7735849056603774,2.8301886792452833,0.9433962264150944,7.6190476190476195
CULTURE,Management Occupations,2019,0.580896915766826,0.0587277416555839,0.0,Management Occupations,2019,34.90566037735849,-15.715600552231946,,11.55147247020071,118568.16216216216,11.08428328404796,77291.82608695653,104.21487952067329,153.40323571701882,106,2.8301886792452833,15.09433962264151,3.7735849056603774,2.8301886792452833,0.9433962264150944,7.6190476190476195
wfh_wham,Management Occupations,2019,-0.0977027845754869,0.0964813830716492,0.311,Management Occupations,2019,34.90566037735849,-15.715600552231946,,11.55147247020071,118568.16216216216,11.08428328404796,77291.82608695653,104.21487952067329,153.40323571701882,106,2.8301886792452833,15.09433962264151,3.7735849056603774,2.8301886792452833,0.9433962264150944,7.6190476190476195
EDU_ASSISTANCE,Management Occupations,2021,-0.5123908140927534,0.0820556725427757,0.0,Management Occupations,2021,46.24505928853755,37.65971137053037,-3.758445945945932,11.645659936767702,124878.04273504273,11.12097041754401,79709.16176470589,104.71801919728124,156.667113253143,253,9.486166007905137,42.29249011857708,11.857707509881422,6.719367588932807,11.067193675889328,24.206349206349206
WLB,Management Occupations,2021,-0.6222636442497095,0.0456006947444318,0.0,Management Occupations,2021,46.24505928853755,37.65971137053037,-3.758445945945932,11.645659936767702,124878.04273504273,11.12097041754401,79709.16176470589,104.71801919728124,156.667113253143,253,9.486166007905137,42.29249011857708,11.857707509881422,6.719367588932807,11.067193675889328,24.206349206349206
PAID_LEAVE,Management Occupations,2021,-0.6681560625016704,0.0474171622834251,0.0,Management Occupations,2021,46.24505928853755,37.65971137053037,-3.758445945945932,11.645659936767702,124878.04273504273,11.12097041754401,79709.16176470589,104.71801919728124,156.667113253143,253,9.486166007905137,42.29249011857708,11.857707509881422,6.719367588932807,11.067193675889328,24.206349206349206
HEALTH_WELLBEING,Management Occupations,2021,0.0143001894596056,0.0759104380559173,0.851,Management Occupations,2021,46.24505928853755,37.65971137053037,-3.758445945945932,11.645659936767702,124878.04273504273,11.12097041754401,79709.16176470589,104.71801919728124,156.667113253143,253,9.486166007905137,42.29249011857708,11.857707509881422,6.719367588932807,11.067193675889328,24.206349206349206
PARENTAL_LEAVE,Management Occupations,2021,0.3198194674017844,0.0776389023460633,0.0,Management Occupations,2021,46.24505928853755,37.65971137053037,-3.758445945945932,11.645659936767702,124878.04273504273,11.12097041754401,79709.16176470589,104.71801919728124,156.667113253143,253,9.486166007905137,42.29249011857708,11.857707509881422,6.719367588932807,11.067193675889328,24.206349206349206
CULTURE,Management Occupations,2021,0.825490410948184,0.0374251263792171,0.0,Management Occupations,2021,46.24505928853755,37.65971137053037,-3.758445945945932,11.645659936767702,124878.04273504273,11.12097041754401,79709.16176470589,104.71801919728124,156.667113253143,253,9.486166007905137,42.29249011857708,11.857707509881422,6.719367588932807,11.067193675889328,24.206349206349206
wfh_wham,Management Occupations,2021,0.5997028357564349,0.040697416000109,0.0,Management Occupations,2021,46.24505928853755,37.65971137053037,-3.758445945945932,11.645659936767702,124878.04273504273,11.12097041754401,79709.16176470589,104.71801919728124,156.667113253143,253,9.486166007905137,42.29249011857708,11.857707509881422,6.719367588932807,11.067193675889328,24.206349206349206
EDU_ASSISTANCE,Management Occupations,2022,-0.5495740103031342,0.0691838931828827,0.0,Management Occupations,2022,63.44969199178645,37.20318011899122,37.65971137053037,11.726302445142048,136715.47249190937,11.199959892447817,83461.69662921349,104.69950390669834,163.8062464740932,487,8.624229979466119,41.27310061601643,8.829568788501026,6.981519507186857,27.92607802874743,32.71604938271605
WLB,Management Occupations,2022,-0.4229004146157202,0.0366140046310393,0.0,Management Occupations,2022,63.44969199178645,37.20318011899122,37.65971137053037,11.726302445142048,136715.47249190937,11.199959892447817,83461.69662921349,104.69950390669834,163.8062464740932,487,8.624229979466119,41.27310061601643,8.829568788501026,6.981519507186857,27.92607802874743,32.71604938271605
PAID_LEAVE,Management Occupations,2022,-0.4840612547354615,0.0381273986272056,0.0,Management Occupations,2022,63.44969199178645,37.20318011899122,37.65971137053037,11.726302445142048,136715.47249190937,11.199959892447817,83461.69662921349,104.69950390669834,163.8062464740932,487,8.624229979466119,41.27310061601643,8.829568788501026,6.981519507186857,27.92607802874743,32.71604938271605
HEALTH_WELLBEING,Management Occupations,2022,0.0372952967832463,0.0625038979788612,0.551,Management Occupations,2022,63.44969199178645,37.20318011899122,37.65971137053037,11.726302445142048,136715.47249190937,11.199959892447817,83461.69662921349,104.69950390669834,163.8062464740932,487,8.624229979466119,41.27310061601643,8.829568788501026,6.981519507186857,27.92607802874743,32.71604938271605
PARENTAL_LEAVE,Management Occupations,2022,0.4177258584354177,0.0557105723255984,0.0,Management Occupations,2022,63.44969199178645,37.20318011899122,37.65971137053037,11.726302445142048,136715.47249190937,11.199959892447817,83461.69662921349,104.69950390669834,163.8062464740932,487,8.624229979466119,41.27310061601643,8.829568788501026,6.981519507186857,27.92607802874743,32.71604938271605
CULTURE,Management Occupations,2022,0.7397514095248593,0.0322195377502836,0.0,Management Occupations,2022,63.44969199178645,37.20318011899122,37.65971137053037,11.726302445142048,136715.47249190937,11.199959892447817,83461.69662921349,104.69950390669834,163.8062464740932,487,8.624229979466119,41.27310061601643,8.829568788501026,6.981519507186857,27.92607802874743,32.71604938271605
wfh_wham,Management Occupations,2022,0.6797251659344247,0.0330272090358872,0.0,Management Occupations,2022,63.44969199178645,37.20318011899122,37.65971137053037,11.726302445142048,136715.47249190937,11.199959892447817,83461.69662921349,104.69950390669834,163.8062464740932,487,8.624229979466119,41.27310061601643,8.829568788501026,6.981519507186857,27.92607802874743,32.71604938271605
EDU_ASSISTANCE,Management Occupations,2020,-0.7426259795382668,0.133732163637351,0.0,Management Occupations,2020,33.59375,-3.758445945945932,-15.715600552231946,11.505991209139978,115166.25581395348,11.074208560612286,73468.38823529411,103.89899328845418,156.75620301498293,128,7.8125,34.375,3.90625,1.5625,4.6875,16.40625
WLB,Management Occupations,2020,-0.7664649025619488,0.0683197969346739,0.0,Management Occupations,2020,33.59375,-3.758445945945932,-15.715600552231946,11.505991209139978,115166.25581395348,11.074208560612286,73468.38823529411,103.89899328845418,156.75620301498293,128,7.8125,34.375,3.90625,1.5625,4.6875,16.40625
PAID_LEAVE,Management Occupations,2020,-0.8494501535249732,0.0726002538136377,0.0,Management Occupations,2020,33.59375,-3.758445945945932,-15.715600552231946,11.505991209139978,115166.25581395348,11.074208560612286,73468.38823529411,103.89899328845418,156.75620301498293,128,7.8125,34.375,3.90625,1.5625,4.6875,16.40625
HEALTH_WELLBEING,Management Occupations,2020,-0.5276599450103433,0.1605233135466528,0.001,Management Occupations,2020,33.59375,-3.758445945945932,-15.715600552231946,11.505991209139978,115166.25581395348,11.074208560612286,73468.38823529411,103.89899328845418,156.75620301498293,128,7.8125,34.375,3.90625,1.5625,4.6875,16.40625
PARENTAL_LEAVE,Management Occupations,2020,0.1125205651602784,0.1419582447676245,0.428,Management Occupations,2020,33.59375,-3.758445945945932,-15.715600552231946,11.505991209139978,115166.25581395348,11.074208560612286,73468.38823529411,103.89899328845418,156.75620301498293,128,7.8125,34.375,3.90625,1.5625,4.6875,16.40625
CULTURE,Management Occupations,2020,0.9594752154167232,0.0513580097818203,0.0,Management Occupations,2020,33.59375,-3.758445945945932,-15.715600552231946,11.505991209139978,115166.25581395348,11.074208560612286,73468.38823529411,103.89899328845418,156.75620301498293,128,7.8125,34.375,3.90625,1.5625,4.6875,16.40625
wfh_wham,Management Occupations,2020,0.2546437021714358,0.0679073455811314,0.0,Management Occupations,2020,33.59375,-3.758445945945932,-15.715600552231946,11.505991209139978,115166.25581395348,11.074208560612286,73468.38823529411,103.89899328845418,156.75620301498293,128,7.8125,34.375,3.90625,1.5625,4.6875,16.40625
EDU_ASSISTANCE,Management Occupations,2018,-0.535074988981365,0.134040012900148,0.0,Management Occupations,2018,41.41414141414141,,,11.386463822448354,102123.53658536586,11.014338850047436,72808.08620689655,103.37855024679321,140.26400349978226,99,1.0101010101010102,10.1010101010101,3.0303030303030303,0.0,5.05050505050505,
WLB,Management Occupations,2018,-0.3010695101668271,0.0806800822201852,0.0,Management Occupations,2018,41.41414141414141,,,11.386463822448354,102123.53658536586,11.014338850047436,72808.08620689655,103.37855024679321,140.26400349978226,99,1.0101010101010102,10.1010101010101,3.0303030303030303,0.0,5.05050505050505,
PAID_LEAVE,Management Occupations,2018,-0.3199999742780613,0.0846626525502437,0.0,Management Occupations,2018,41.41414141414141,,,11.386463822448354,102123.53658536586,11.014338850047436,72808.08620689655,103.37855024679321,140.26400349978226,99,1.0101010101010102,10.1010101010101,3.0303030303030303,0.0,5.05050505050505,
HEALTH_WELLBEING,Management Occupations,2018,-0.5263232633271104,0.2023233743135633,0.009,Management Occupations,2018,41.41414141414141,,,11.386463822448354,102123.53658536586,11.014338850047436,72808.08620689655,103.37855024679321,140.26400349978226,99,1.0101010101010102,10.1010101010101,3.0303030303030303,0.0,5.05050505050505,
PARENTAL_LEAVE,Management Occupations,2018,-0.1056720796100995,0.2805116047494229,0.706,Management Occupations,2018,41.41414141414141,,,11.386463822448354,102123.53658536586,11.014338850047436,72808.08620689655,103.37855024679321,140.26400349978226,99,1.0101010101010102,10.1010101010101,3.0303030303030303,0.0,5.05050505050505,
CULTURE,Management Occupations,2018,0.327682484443182,0.0755734127599491,0.0,Management Occupations,2018,41.41414141414141,,,11.386463822448354,102123.53658536586,11.014338850047436,72808.08620689655,103.37855024679321,140.26400349978226,99,1.0101010101010102,10.1010101010101,3.0303030303030303,0.0,5.05050505050505,
EDU_ASSISTANCE,Management Occupations,2023,-0.0846599796598234,0.0599386169715372,0.158,Management Occupations,2023,73.03370786516854,15.104905276171765,37.20318011899122,11.865520972711648,157124.09914529914,11.307006111158337,95451.38888888889,104.93954682665414,164.6116426112992,801,11.11111111111111,41.947565543071164,10.736579275905118,16.354556803995006,29.213483146067414,33.12421580928482
WLB,Management Occupations,2023,-0.2388772021732225,0.0396920113643826,0.0,Management Occupations,2023,73.03370786516854,15.104905276171765,37.20318011899122,11.865520972711648,157124.09914529914,11.307006111158337,95451.38888888889,104.93954682665414,164.6116426112992,801,11.11111111111111,41.947565543071164,10.736579275905118,16.354556803995006,29.213483146067414,33.12421580928482
PAID_LEAVE,Management Occupations,2023,-0.2321623678480334,0.0400845220095834,0.0,Management Occupations,2023,73.03370786516854,15.104905276171765,37.20318011899122,11.865520972711648,157124.09914529914,11.307006111158337,95451.38888888889,104.93954682665414,164.6116426112992,801,11.11111111111111,41.947565543071164,10.736579275905118,16.354556803995006,29.213483146067414,33.12421580928482
HEALTH_WELLBEING,Management Occupations,2023,0.1910516537717325,0.0642853910149269,0.003,Management Occupations,2023,73.03370786516854,15.104905276171765,37.20318011899122,11.865520972711648,157124.09914529914,11.307006111158337,95451.38888888889,104.93954682665414,164.6116426112992,801,11.11111111111111,41.947565543071164,10.736579275905118,16.354556803995006,29.213483146067414,33.12421580928482
PARENTAL_LEAVE,Management Occupations,2023,0.4847783887964036,0.0544177392718709,0.0,Management Occupations,2023,73.03370786516854,15.104905276171765,37.20318011899122,11.865520972711648,157124.09914529914,11.307006111158337,95451.38888888889,104.93954682665414,164.6116426112992,801,11.11111111111111,41.947565543071164,10.736579275905118,16.354556803995006,29.213483146067414,33.12421580928482
CULTURE,Management Occupations,2023,0.6687409149540336,0.0398757235137794,0.0,Management Occupations,2023,73.03370786516854,15.104905276171765,37.20318011899122,11.865520972711648,157124.09914529914,11.307006111158337,95451.38888888889,104.93954682665414,164.6116426112992,801,11.11111111111111,41.947565543071164,10.736579275905118,16.354556803995006,29.213483146067414,33.12421580928482
wfh_wham,Management Occupations,2023,0.6822023228359898,0.0408614982937339,0.0,Management Occupations,2023,73.03370786516854,15.104905276171765,37.20318011899122,11.865520972711648,157124.09914529914,11.307006111158337,95451.38888888889,104.93954682665414,164.6116426112992,801,11.11111111111111,41.947565543071164,10.736579275905118,16.354556803995006,29.213483146067414,33.12421580928482
EDU_ASSISTANCE,Office and Administrative Support Occupations,2019,-0.4109354322144811,0.2820753405207602,0.145,Office and Administrative Support Occupations,2019,10.119047619047619,27.867965367965365,,10.825928427942396,57044.82352941176,10.549723384334925,40977.41721854304,102.61812593131685,139.21039294686906,168,2.380952380952381,19.642857142857142,2.976190476190476,1.1904761904761905,1.7857142857142856,3.0303030303030303
WLB,Office and Administrative Support Occupations,2019,-0.3193206407056121,0.1413997704107503,0.024,Office and Administrative Support Occupations,2019,10.119047619047619,27.867965367965365,,10.825928427942396,57044.82352941176,10.549723384334925,40977.41721854304,102.61812593131685,139.21039294686906,168,2.380952380952381,19.642857142857142,2.976190476190476,1.1904761904761905,1.7857142857142856,3.0303030303030303
PAID_LEAVE,Office and Administrative Support Occupations,2019,-0.4103726071270963,0.149760970775612,0.006,Office and Administrative Support Occupations,2019,10.119047619047619,27.867965367965365,,10.825928427942396,57044.82352941176,10.549723384334925,40977.41721854304,102.61812593131685,139.21039294686906,168,2.380952380952381,19.642857142857142,2.976190476190476,1.1904761904761905,1.7857142857142856,3.0303030303030303
HEALTH_WELLBEING,Office and Administrative Support Occupations,2019,-0.2031291324245062,0.3204654571340972,0.526,Office and Administrative Support Occupations,2019,10.119047619047619,27.867965367965365,,10.825928427942396,57044.82352941176,10.549723384334925,40977.41721854304,102.61812593131685,139.21039294686906,168,2.380952380952381,19.642857142857142,2.976190476190476,1.1904761904761905,1.7857142857142856,3.0303030303030303
PARENTAL_LEAVE,Office and Administrative Support Occupations,2019,0.549869142780093,0.3219455562314881,0.088,Office and Administrative Support Occupations,2019,10.119047619047619,27.867965367965365,,10.825928427942396,57044.82352941176,10.549723384334925,40977.41721854304,102.61812593131685,139.21039294686906,168,2.380952380952381,19.642857142857142,2.976190476190476,1.1904761904761905,1.7857142857142856,3.0303030303030303
CULTURE,Office and Administrative Support Occupations,2019,0.1860049964994022,0.1792831310920264,0.3,Office and Administrative Support Occupations,2019,10.119047619047619,27.867965367965365,,10.825928427942396,57044.82352941176,10.549723384334925,40977.41721854304,102.61812593131685,139.21039294686906,168,2.380952380952381,19.642857142857142,2.976190476190476,1.1904761904761905,1.7857142857142856,3.0303030303030303
wfh_wham,Office and Administrative Support Occupations,2019,0.0018201377977381,0.2305276678821157,0.994,Office and Administrative Support Occupations,2019,10.119047619047619,27.867965367965365,,10.825928427942396,57044.82352941176,10.549723384334925,40977.41721854304,102.61812593131685,139.21039294686906,168,2.380952380952381,19.642857142857142,2.976190476190476,1.1904761904761905,1.7857142857142856,3.0303030303030303
EDU_ASSISTANCE,Office and Administrative Support Occupations,2021,-0.4012810198376032,0.1843857468331126,0.03,Office and Administrative Support Occupations,2021,15.853658536585366,63.82113821138211,-4.364326375711569,10.788370105961878,54970.807692307695,10.564900265835929,41492.115942028984,102.1152101250647,132.4849467043584,328,4.878048780487805,39.63414634146341,3.9634146341463414,3.6585365853658534,4.573170731707317,15.902140672782874
WLB,Office and Administrative Support Occupations,2021,-0.2509521194680346,0.0896097209388762,0.005,Office and Administrative Support Occupations,2021,15.853658536585366,63.82113821138211,-4.364326375711569,10.788370105961878,54970.807692307695,10.564900265835929,41492.115942028984,102.1152101250647,132.4849467043584,328,4.878048780487805,39.63414634146341,3.9634146341463414,3.6585365853658534,4.573170731707317,15.902140672782874
PAID_LEAVE,Office and Administrative Support Occupations,2021,-0.4071984403291194,0.0950272812781851,0.0,Office and Administrative Support Occupations,2021,15.853658536585366,63.82113821138211,-4.364326375711569,10.788370105961878,54970.807692307695,10.564900265835929,41492.115942028984,102.1152101250647,132.4849467043584,328,4.878048780487805,39.63414634146341,3.9634146341463414,3.6585365853658534,4.573170731707317,15.902140672782874
HEALTH_WELLBEING,Office and Administrative Support Occupations,2021,0.1447198138698532,0.1742966489148957,0.406,Office and Administrative Support Occupations,2021,15.853658536585366,63.82113821138211,-4.364326375711569,10.788370105961878,54970.807692307695,10.564900265835929,41492.115942028984,102.1152101250647,132.4849467043584,328,4.878048780487805,39.63414634146341,3.9634146341463414,3.6585365853658534,4.573170731707317,15.902140672782874
PARENTAL_LEAVE,Office and Administrative Support Occupations,2021,0.9391505115880324,0.1436657744121938,0.0,Office and Administrative Support Occupations,2021,15.853658536585366,63.82113821138211,-4.364326375711569,10.788370105961878,54970.807692307695,10.564900265835929,41492.115942028984,102.1152101250647,132.4849467043584,328,4.878048780487805,39.63414634146341,3.9634146341463414,3.6585365853658534,4.573170731707317,15.902140672782874
CULTURE,Office and Administrative Support Occupations,2021,0.5458291597695691,0.1005037986395015,0.0,Office and Administrative Support Occupations,2021,15.853658536585366,63.82113821138211,-4.364326375711569,10.788370105961878,54970.807692307695,10.564900265835929,41492.115942028984,102.1152101250647,132.4849467043584,328,4.878048780487805,39.63414634146341,3.9634146341463414,3.6585365853658534,4.573170731707317,15.902140672782874
wfh_wham,Office and Administrative Support Occupations,2021,0.9503187219214236,0.0848155459205949,0.0,Office and Administrative Support Occupations,2021,15.853658536585366,63.82113821138211,-4.364326375711569,10.788370105961878,54970.807692307695,10.564900265835929,41492.115942028984,102.1152101250647,132.4849467043584,328,4.878048780487805,39.63414634146341,3.9634146341463414,3.6585365853658534,4.573170731707317,15.902140672782874
EDU_ASSISTANCE,Office and Administrative Support Occupations,2022,-0.3429660921046162,0.1477195100586143,0.02,Office and Administrative Support Occupations,2022,23.114355231143552,45.79824068875165,63.82113821138211,11.042384638832043,74635.21052631579,10.616131986972382,43267.5,104.01514084774699,172.49716421405395,411,5.839416058394161,42.33576642335766,4.866180048661801,2.67639902676399,8.02919708029197,19.21182266009852
WLB,Office and Administrative Support Occupations,2022,-0.4714368060796058,0.0812022469954104,0.0,Office and Administrative Support Occupations,2022,23.114355231143552,45.79824068875165,63.82113821138211,11.042384638832043,74635.21052631579,10.616131986972382,43267.5,104.01514084774699,172.49716421405395,411,5.839416058394161,42.33576642335766,4.866180048661801,2.67639902676399,8.02919708029197,19.21182266009852
PAID_LEAVE,Office and Administrative Support Occupations,2022,-0.5137854035195448,0.0834916044118706,0.0,Office and Administrative Support Occupations,2022,23.114355231143552,45.79824068875165,63.82113821138211,11.042384638832043,74635.21052631579,10.616131986972382,43267.5,104.01514084774699,172.49716421405395,411,5.839416058394161,42.33576642335766,4.866180048661801,2.67639902676399,8.02919708029197,19.21182266009852
HEALTH_WELLBEING,Office and Administrative Support Occupations,2022,0.0927343523310417,0.1466012292850287,0.527,Office and Administrative Support Occupations,2022,23.114355231143552,45.79824068875165,63.82113821138211,11.042384638832043,74635.21052631579,10.616131986972382,43267.5,104.01514084774699,172.49716421405395,411,5.839416058394161,42.33576642335766,4.866180048661801,2.67639902676399,8.02919708029197,19.21182266009852
PARENTAL_LEAVE,Office and Administrative Support Occupations,2022,0.4059690675443853,0.1362564313150488,0.003,Office and Administrative Support Occupations,2022,23.114355231143552,45.79824068875165,63.82113821138211,11.042384638832043,74635.21052631579,10.616131986972382,43267.5,104.01514084774699,172.49716421405395,411,5.839416058394161,42.33576642335766,4.866180048661801,2.67639902676399,8.02919708029197,19.21182266009852
CULTURE,Office and Administrative Support Occupations,2022,0.4095144500082799,0.0855030093476784,0.0,Office and Administrative Support Occupations,2022,23.114355231143552,45.79824068875165,63.82113821138211,11.042384638832043,74635.21052631579,10.616131986972382,43267.5,104.01514084774699,172.49716421405395,411,5.839416058394161,42.33576642335766,4.866180048661801,2.67639902676399,8.02919708029197,19.21182266009852
wfh_wham,Office and Administrative Support Occupations,2022,1.1038471352325996,0.0722930662626375,0.0,Office and Administrative Support Occupations,2022,23.114355231143552,45.79824068875165,63.82113821138211,11.042384638832043,74635.21052631579,10.616131986972382,43267.5,104.01514084774699,172.49716421405395,411,5.839416058394161,42.33576642335766,4.866180048661801,2.67639902676399,8.02919708029197,19.21182266009852
EDU_ASSISTANCE,Office and Administrative Support Occupations,2020,-0.5248047358823649,0.3215682127665376,0.103,Office and Administrative Support Occupations,2020,9.67741935483871,-4.364326375711569,27.867965367965365,10.888454827817664,58950.04761904762,10.488333883234743,38032.78571428572,103.81491425651983,154.99797480494584,217,4.6082949308755765,32.25806451612903,3.225806451612903,1.3824884792626728,1.8433179723502304,7.943925233644859
WLB,Office and Administrative Support Occupations,2020,-0.2367166102152725,0.1359372599427866,0.082,Office and Administrative Support Occupations,2020,9.67741935483871,-4.364326375711569,27.867965367965365,10.888454827817664,58950.04761904762,10.488333883234743,38032.78571428572,103.81491425651983,154.99797480494584,217,4.6082949308755765,32.25806451612903,3.225806451612903,1.3824884792626728,1.8433179723502304,7.943925233644859
PAID_LEAVE,Office and Administrative Support Occupations,2020,-0.2945954419114265,0.1402932452891551,0.036,Office and Administrative Support Occupations,2020,9.67741935483871,-4.364326375711569,27.867965367965365,10.888454827817664,58950.04761904762,10.488333883234743,38032.78571428572,103.81491425651983,154.99797480494584,217,4.6082949308755765,32.25806451612903,3.225806451612903,1.3824884792626728,1.8433179723502304,7.943925233644859
HEALTH_WELLBEING,Office and Administrative Support Occupations,2020,-0.0546301130407732,0.3221424821639308,0.865,Office and Administrative Support Occupations,2020,9.67741935483871,-4.364326375711569,27.867965367965365,10.888454827817664,58950.04761904762,10.488333883234743,38032.78571428572,103.81491425651983,154.99797480494584,217,4.6082949308755765,32.25806451612903,3.225806451612903,1.3824884792626728,1.8433179723502304,7.943925233644859
PARENTAL_LEAVE,Office and Administrative Support Occupations,2020,0.5656143284914226,0.2959329099863393,0.056,Office and Administrative Support Occupations,2020,9.67741935483871,-4.364326375711569,27.867965367965365,10.888454827817664,58950.04761904762,10.488333883234743,38032.78571428572,103.81491425651983,154.99797480494584,217,4.6082949308755765,32.25806451612903,3.225806451612903,1.3824884792626728,1.8433179723502304,7.943925233644859
CULTURE,Office and Administrative Support Occupations,2020,0.6935420019694116,0.1596446919470421,0.0,Office and Administrative Support Occupations,2020,9.67741935483871,-4.364326375711569,27.867965367965365,10.888454827817664,58950.04761904762,10.488333883234743,38032.78571428572,103.81491425651983,154.99797480494584,217,4.6082949308755765,32.25806451612903,3.225806451612903,1.3824884792626728,1.8433179723502304,7.943925233644859
wfh_wham,Office and Administrative Support Occupations,2020,0.4628178836252555,0.1493986684997557,0.002,Office and Administrative Support Occupations,2020,9.67741935483871,-4.364326375711569,27.867965367965365,10.888454827817664,58950.04761904762,10.488333883234743,38032.78571428572,103.81491425651983,154.99797480494584,217,4.6082949308755765,32.25806451612903,3.225806451612903,1.3824884792626728,1.8433179723502304,7.943925233644859
EDU_ASSISTANCE,Office and Administrative Support Occupations,2018,0.0518378015115439,0.2735338231525297,0.85,Office and Administrative Support Occupations,2018,7.913669064748201,,,11.022218170155023,75700.18181818182,10.471952069394048,37498.6953125,105.25466596021973,201.8741750541586,139,2.158273381294964,15.107913669064748,2.877697841726619,1.4388489208633095,3.597122302158273,
WLB,Office and Administrative Support Occupations,2018,-0.0430818070276981,0.1694642665685638,0.799,Office and Administrative Support Occupations,2018,7.913669064748201,,,11.022218170155023,75700.18181818182,10.471952069394048,37498.6953125,105.25466596021973,201.8741750541586,139,2.158273381294964,15.107913669064748,2.877697841726619,1.4388489208633095,3.597122302158273,
PAID_LEAVE,Office and Administrative Support Occupations,2018,-0.0919722227915786,0.1778587644398987,0.605,Office and Administrative Support Occupations,2018,7.913669064748201,,,11.022218170155023,75700.18181818182,10.471952069394048,37498.6953125,105.25466596021973,201.8741750541586,139,2.158273381294964,15.107913669064748,2.877697841726619,1.4388489208633095,3.597122302158273,
HEALTH_WELLBEING,Office and Administrative Support Occupations,2018,0.4930657987701617,0.2947951678085229,0.094,Office and Administrative Support Occupations,2018,7.913669064748201,,,11.022218170155023,75700.18181818182,10.471952069394048,37498.6953125,105.25466596021973,201.8741750541586,139,2.158273381294964,15.107913669064748,2.877697841726619,1.4388489208633095,3.597122302158273,
PARENTAL_LEAVE,Office and Administrative Support Occupations,2018,0.5262678135135481,0.5068482248720595,0.299,Office and Administrative Support Occupations,2018,7.913669064748201,,,11.022218170155023,75700.18181818182,10.471952069394048,37498.6953125,105.25466596021973,201.8741750541586,139,2.158273381294964,15.107913669064748,2.877697841726619,1.4388489208633095,3.597122302158273,
CULTURE,Office and Administrative Support Occupations,2018,0.6729260218998852,0.1746561641382217,0.0,Office and Administrative Support Occupations,2018,7.913669064748201,,,11.022218170155023,75700.18181818182,10.471952069394048,37498.6953125,105.25466596021973,201.8741750541586,139,2.158273381294964,15.107913669064748,2.877697841726619,1.4388489208633095,3.597122302158273,
EDU_ASSISTANCE,Office and Administrative Support Occupations,2023,-0.3188570034070402,0.1481457595546383,0.031,Office and Administrative Support Occupations,2023,31.336405529953915,35.57118602959009,45.79824068875165,11.09455932265076,78733.66911764706,10.652036788404756,44595.47986577181,104.15434665723002,176.550783520276,434,8.064516129032258,40.78341013824885,4.6082949308755765,8.064516129032258,10.368663594470046,18.51851851851852
WLB,Office and Administrative Support Occupations,2023,-0.4436451761729706,0.085947003509053,0.0,Office and Administrative Support Occupations,2023,31.336405529953915,35.57118602959009,45.79824068875165,11.09455932265076,78733.66911764706,10.652036788404756,44595.47986577181,104.15434665723002,176.550783520276,434,8.064516129032258,40.78341013824885,4.6082949308755765,8.064516129032258,10.368663594470046,18.51851851851852
PAID_LEAVE,Office and Administrative Support Occupations,2023,-0.4792910097405328,0.0875627184579224,0.0,Office and Administrative Support Occupations,2023,31.336405529953915,35.57118602959009,45.79824068875165,11.09455932265076,78733.66911764706,10.652036788404756,44595.47986577181,104.15434665723002,176.550783520276,434,8.064516129032258,40.78341013824885,4.6082949308755765,8.064516129032258,10.368663594470046,18.51851851851852
HEALTH_WELLBEING,Office and Administrative Support Occupations,2023,-0.5944050494266239,0.2008273290113279,0.003,Office and Administrative Support Occupations,2023,31.336405529953915,35.57118602959009,45.79824068875165,11.09455932265076,78733.66911764706,10.652036788404756,44595.47986577181,104.15434665723002,176.550783520276,434,8.064516129032258,40.78341013824885,4.6082949308755765,8.064516129032258,10.368663594470046,18.51851851851852
PARENTAL_LEAVE,Office and Administrative Support Occupations,2023,0.2973746823636489,0.135171134762219,0.028,Office and Administrative Support Occupations,2023,31.336405529953915,35.57118602959009,45.79824068875165,11.09455932265076,78733.66911764706,10.652036788404756,44595.47986577181,104.15434665723002,176.550783520276,434,8.064516129032258,40.78341013824885,4.6082949308755765,8.064516129032258,10.368663594470046,18.51851851851852
CULTURE,Office and Administrative Support Occupations,2023,0.4992692536161748,0.0950519340683342,0.0,Office and Administrative Support Occupations,2023,31.336405529953915,35.57118602959009,45.79824068875165,11.09455932265076,78733.66911764706,10.652036788404756,44595.47986577181,104.15434665723002,176.550783520276,434,8.064516129032258,40.78341013824885,4.6082949308755765,8.064516129032258,10.368663594470046,18.51851851851852
wfh_wham,Office and Administrative Support Occupations,2023,1.39697545804552,0.0827365562139163,0.0,Office and Administrative Support Occupations,2023,31.336405529953915,35.57118602959009,45.79824068875165,11.09455932265076,78733.66911764706,10.652036788404756,44595.47986577181,104.15434665723002,176.550783520276,434,8.064516129032258,40.78341013824885,4.6082949308755765,8.064516129032258,10.368663594470046,18.51851851851852
EDU_ASSISTANCE,Personal Care and Service Occupations,2019,-48.17329181980437,44902307288.48544,1.0,Personal Care and Service Occupations,2019,11.538461538461538,-7.692307692307699,,10.369686214176765,33973.333333333336,10.384311728110395,33684.086956521736,99.85915759930397,100.85870333129394,26,0.0,11.538461538461538,0.0,0.0,3.8461538461538463,0.0
WLB,Personal Care and Service Occupations,2019,-0.0857563636188789,0.7672486936450168,0.911,Personal Care and Service Occupations,2019,11.538461538461538,-7.692307692307699,,10.369686214176765,33973.333333333336,10.384311728110395,33684.086956521736,99.85915759930397,100.85870333129394,26,0.0,11.538461538461538,0.0,0.0,3.8461538461538463,0.0
PAID_LEAVE,Personal Care and Service Occupations,2019,,,,Personal Care and Service Occupations,2019,11.538461538461538,-7.692307692307699,,10.369686214176765,33973.333333333336,10.384311728110395,33684.086956521736,99.85915759930397,100.85870333129394,26,0.0,11.538461538461538,0.0,0.0,3.8461538461538463,0.0
HEALTH_WELLBEING,Personal Care and Service Occupations,2019,1.2318539535479207,1.0552210597112133,0.243,Personal Care and Service Occupations,2019,11.538461538461538,-7.692307692307699,,10.369686214176765,33973.333333333336,10.384311728110395,33684.086956521736,99.85915759930397,100.85870333129394,26,0.0,11.538461538461538,0.0,0.0,3.8461538461538463,0.0
PARENTAL_LEAVE,Personal Care and Service Occupations,2019,,,,Personal Care and Service Occupations,2019,11.538461538461538,-7.692307692307699,,10.369686214176765,33973.333333333336,10.384311728110395,33684.086956521736,99.85915759930397,100.85870333129394,26,0.0,11.538461538461538,0.0,0.0,3.8461538461538463,0.0
CULTURE,Personal Care and Service Occupations,2019,0.856109597621823,0.7969797982272014,0.283,Personal Care and Service Occupations,2019,11.538461538461538,-7.692307692307699,,10.369686214176765,33973.333333333336,10.384311728110395,33684.086956521736,99.85915759930397,100.85870333129394,26,0.0,11.538461538461538,0.0,0.0,3.8461538461538463,0.0
wfh_wham,Personal Care and Service Occupations,2019,-21.48919974308898,71519.82965417221,1.0,Personal Care and Service Occupations,2019,11.538461538461538,-7.692307692307699,,10.369686214176765,33973.333333333336,10.384311728110395,33684.086956521736,99.85915759930397,100.85870333129394,26,0.0,11.538461538461538,0.0,0.0,3.8461538461538463,0.0
EDU_ASSISTANCE,Personal Care and Service Occupations,2021,-19.057773370899923,15358.06599474612,0.999,Personal Care and Service Occupations,2021,9.090909090909092,9.090909090909104,-27.77777777777779,10.69137984619129,53733.333333333336,10.494445037009042,42025.666666666664,101.8765623955126,127.85837226456849,33,6.0606060606060606,33.33333333333333,6.0606060606060606,3.0303030303030303,0.0,3.0303030303030303
WLB,Personal Care and Service Occupations,2021,-0.4094633649311007,0.6279304634692262,0.514,Personal Care and Service Occupations,2021,9.090909090909092,9.090909090909104,-27.77777777777779,10.69137984619129,53733.333333333336,10.494445037009042,42025.666666666664,101.8765623955126,127.85837226456849,33,6.0606060606060606,33.33333333333333,6.0606060606060606,3.0303030303030303,0.0,3.0303030303030303
PAID_LEAVE,Personal Care and Service Occupations,2021,-0.2807313279707793,0.629166402145865,0.655,Personal Care and Service Occupations,2021,9.090909090909092,9.090909090909104,-27.77777777777779,10.69137984619129,53733.333333333336,10.494445037009042,42025.666666666664,101.8765623955126,127.85837226456849,33,6.0606060606060606,33.33333333333333,6.0606060606060606,3.0303030303030303,0.0,3.0303030303030303
HEALTH_WELLBEING,Personal Care and Service Occupations,2021,1.5593591376773164,0.7509032185324236,0.038,Personal Care and Service Occupations,2021,9.090909090909092,9.090909090909104,-27.77777777777779,10.69137984619129,53733.333333333336,10.494445037009042,42025.666666666664,101.8765623955126,127.85837226456849,33,6.0606060606060606,33.33333333333333,6.0606060606060606,3.0303030303030303,0.0,3.0303030303030303
PARENTAL_LEAVE,Personal Care and Service Occupations,2021,-21.027103833661208,69392.87337603612,1.0,Personal Care and Service Occupations,2021,9.090909090909092,9.090909090909104,-27.77777777777779,10.69137984619129,53733.333333333336,10.494445037009042,42025.666666666664,101.8765623955126,127.85837226456849,33,6.0606060606060606,33.33333333333333,6.0606060606060606,3.0303030303030303,0.0,3.0303030303030303
CULTURE,Personal Care and Service Occupations,2021,-20.496100747442032,24387.47967990396,0.999,Personal Care and Service Occupations,2021,9.090909090909092,9.090909090909104,-27.77777777777779,10.69137984619129,53733.333333333336,10.494445037009042,42025.666666666664,101.8765623955126,127.85837226456849,33,6.0606060606060606,33.33333333333333,6.0606060606060606,3.0303030303030303,0.0,3.0303030303030303
wfh_wham,Personal Care and Service Occupations,2021,1.6213719603066876,0.7702383177536255,0.035,Personal Care and Service Occupations,2021,9.090909090909092,9.090909090909104,-27.77777777777779,10.69137984619129,53733.333333333336,10.494445037009042,42025.666666666664,101.8765623955126,127.85837226456849,33,6.0606060606060606,33.33333333333333,6.0606060606060606,3.0303030303030303,0.0,3.0303030303030303
EDU_ASSISTANCE,Personal Care and Service Occupations,2022,0.2933563528813205,0.6115787679140918,0.631,Personal Care and Service Occupations,2022,8.88888888888889,-2.2222222222222254,9.090909090909104,10.529743080121836,39759.0,10.523248903008547,39314.48780487805,100.06171266282063,101.13065747499526,45,4.444444444444445,26.666666666666668,0.0,2.2222222222222223,6.666666666666667,2.2222222222222223
WLB,Personal Care and Service Occupations,2022,-2.08987687458272,0.7293603394847799,0.004,Personal Care and Service Occupations,2022,8.88888888888889,-2.2222222222222254,9.090909090909104,10.529743080121836,39759.0,10.523248903008547,39314.48780487805,100.06171266282063,101.13065747499526,45,4.444444444444445,26.666666666666668,0.0,2.2222222222222223,6.666666666666667,2.2222222222222223
PAID_LEAVE,Personal Care and Service Occupations,2022,-2.0137676760106245,0.7301283078313348,0.006,Personal Care and Service Occupations,2022,8.88888888888889,-2.2222222222222254,9.090909090909104,10.529743080121836,39759.0,10.523248903008547,39314.48780487805,100.06171266282063,101.13065747499526,45,4.444444444444445,26.666666666666668,0.0,2.2222222222222223,6.666666666666667,2.2222222222222223
HEALTH_WELLBEING,Personal Care and Service Occupations,2022,0.2826639082627445,0.7323497807508611,0.7,Personal Care and Service Occupations,2022,8.88888888888889,-2.2222222222222254,9.090909090909104,10.529743080121836,39759.0,10.523248903008547,39314.48780487805,100.06171266282063,101.13065747499526,45,4.444444444444445,26.666666666666668,0.0,2.2222222222222223,6.666666666666667,2.2222222222222223
PARENTAL_LEAVE,Personal Care and Service Occupations,2022,0.0251244050448274,1.023845146236346,0.98,Personal Care and Service Occupations,2022,8.88888888888889,-2.2222222222222254,9.090909090909104,10.529743080121836,39759.0,10.523248903008547,39314.48780487805,100.06171266282063,101.13065747499526,45,4.444444444444445,26.666666666666668,0.0,2.2222222222222223,6.666666666666667,2.2222222222222223
CULTURE,Personal Care and Service Occupations,2022,0.5531573488343197,0.494446879415978,0.263,Personal Care and Service Occupations,2022,8.88888888888889,-2.2222222222222254,9.090909090909104,10.529743080121836,39759.0,10.523248903008547,39314.48780487805,100.06171266282063,101.13065747499526,45,4.444444444444445,26.666666666666668,0.0,2.2222222222222223,6.666666666666667,2.2222222222222223
wfh_wham,Personal Care and Service Occupations,2022,2.3697519687545703,0.3967362145395537,0.0,Personal Care and Service Occupations,2022,8.88888888888889,-2.2222222222222254,9.090909090909104,10.529743080121836,39759.0,10.523248903008547,39314.48780487805,100.06171266282063,101.13065747499526,45,4.444444444444445,26.666666666666668,0.0,2.2222222222222223,6.666666666666667,2.2222222222222223
EDU_ASSISTANCE,Personal Care and Service Occupations,2020,,,,Personal Care and Service Occupations,2020,8.333333333333332,-27.77777777777779,-7.692307692307699,9.890028007860497,19760.0,10.323896855748696,33291.36363636364,95.79743139678303,59.35473300473778,24,4.166666666666666,20.833333333333336,4.166666666666666,4.166666666666666,0.0,4.3478260869565215
WLB,Personal Care and Service Occupations,2020,-0.9067868377145224,1.041231100097505,0.384,Personal Care and Service Occupations,2020,8.333333333333332,-27.77777777777779,-7.692307692307699,9.890028007860497,19760.0,10.323896855748696,33291.36363636364,95.79743139678303,59.35473300473778,24,4.166666666666666,20.833333333333336,4.166666666666666,4.166666666666666,0.0,4.3478260869565215
PAID_LEAVE,Personal Care and Service Occupations,2020,-0.7473486864647857,1.0431953149427933,0.474,Personal Care and Service Occupations,2020,8.333333333333332,-27.77777777777779,-7.692307692307699,9.890028007860497,19760.0,10.323896855748696,33291.36363636364,95.79743139678303,59.35473300473778,24,4.166666666666666,20.833333333333336,4.166666666666666,4.166666666666666,0.0,4.3478260869565215
HEALTH_WELLBEING,Personal Care and Service Occupations,2020,-13.953250187185269,1852.3785080035912,0.994,Personal Care and Service Occupations,2020,8.333333333333332,-27.77777777777779,-7.692307692307699,9.890028007860497,19760.0,10.323896855748696,33291.36363636364,95.79743139678303,59.35473300473778,24,4.166666666666666,20.833333333333336,4.166666666666666,4.166666666666666,0.0,4.3478260869565215
PARENTAL_LEAVE,Personal Care and Service Occupations,2020,-12.811814845818123,1421.558280579701,0.993,Personal Care and Service Occupations,2020,8.333333333333332,-27.77777777777779,-7.692307692307699,9.890028007860497,19760.0,10.323896855748696,33291.36363636364,95.79743139678303,59.35473300473778,24,4.166666666666666,20.833333333333336,4.166666666666666,4.166666666666666,0.0,4.3478260869565215
CULTURE,Personal Care and Service Occupations,2020,2.542857591296639,0.5974355677063136,0.0,Personal Care and Service Occupations,2020,8.333333333333332,-27.77777777777779,-7.692307692307699,9.890028007860497,19760.0,10.323896855748696,33291.36363636364,95.79743139678303,59.35473300473778,24,4.166666666666666,20.833333333333336,4.166666666666666,4.166666666666666,0.0,4.3478260869565215
wfh_wham,Personal Care and Service Occupations,2020,1.9731720610321044,0.7757218971860643,0.011,Personal Care and Service Occupations,2020,8.333333333333332,-27.77777777777779,-7.692307692307699,9.890028007860497,19760.0,10.323896855748696,33291.36363636364,95.79743139678303,59.35473300473778,24,4.166666666666666,20.833333333333336,4.166666666666666,4.166666666666666,0.0,4.3478260869565215
EDU_ASSISTANCE,Personal Care and Service Occupations,2018,-18.22527422589338,16907.831906551186,0.999,Personal Care and Service Occupations,2018,12.5,,,11.71298870324034,122148.0,10.359229824159044,33727.857142857145,113.06814215014475,362.1576060484127,8,0.0,25.0,0.0,0.0,0.0,
WLB,Personal Care and Service Occupations,2018,-0.1692461357380897,1.0579422007756052,0.873,Personal Care and Service Occupations,2018,12.5,,,11.71298870324034,122148.0,10.359229824159044,33727.857142857145,113.06814215014475,362.1576060484127,8,0.0,25.0,0.0,0.0,0.0,
PAID_LEAVE,Personal Care and Service Occupations,2018,-0.0521631601962622,1.057231524965046,0.961,Personal Care and Service Occupations,2018,12.5,,,11.71298870324034,122148.0,10.359229824159044,33727.857142857145,113.06814215014475,362.1576060484127,8,0.0,25.0,0.0,0.0,0.0,
HEALTH_WELLBEING,Personal Care and Service Occupations,2018,-2.0136379918522342,5.509255833998323,0.715,Personal Care and Service Occupations,2018,12.5,,,11.71298870324034,122148.0,10.359229824159044,33727.857142857145,113.06814215014475,362.1576060484127,8,0.0,25.0,0.0,0.0,0.0,
PARENTAL_LEAVE,Personal Care and Service Occupations,2018,-13.655632768599787,3971.57504501547,0.997,Personal Care and Service Occupations,2018,12.5,,,11.71298870324034,122148.0,10.359229824159044,33727.857142857145,113.06814215014475,362.1576060484127,8,0.0,25.0,0.0,0.0,0.0,
CULTURE,Personal Care and Service Occupations,2018,0.8815702795096251,1.0505795511707428,0.401,Personal Care and Service Occupations,2018,12.5,,,11.71298870324034,122148.0,10.359229824159044,33727.857142857145,113.06814215014475,362.1576060484127,8,0.0,25.0,0.0,0.0,0.0,
EDU_ASSISTANCE,Personal Care and Service Occupations,2023,0.7808566948750829,0.5431582766592681,0.151,Personal Care and Service Occupations,2023,10.204081632653061,14.795918367346928,-2.2222222222222254,10.936227224657433,57656.0,10.573320140141856,41845.52272727273,103.43229070628242,137.78296037970827,49,10.204081632653061,34.69387755102041,6.122448979591836,6.122448979591836,8.16326530612245,0.0
WLB,Personal Care and Service Occupations,2023,-0.2343193379253522,0.4125295105837095,0.57,Personal Care and Service Occupations,2023,10.204081632653061,14.795918367346928,-2.2222222222222254,10.936227224657433,57656.0,10.573320140141856,41845.52272727273,103.43229070628242,137.78296037970827,49,10.204081632653061,34.69387755102041,6.122448979591836,6.122448979591836,8.16326530612245,0.0
PAID_LEAVE,Personal Care and Service Occupations,2023,-0.359683782031395,0.4321654898253343,0.405,Personal Care and Service Occupations,2023,10.204081632653061,14.795918367346928,-2.2222222222222254,10.936227224657433,57656.0,10.573320140141856,41845.52272727273,103.43229070628242,137.78296037970827,49,10.204081632653061,34.69387755102041,6.122448979591836,6.122448979591836,8.16326530612245,0.0
HEALTH_WELLBEING,Personal Care and Service Occupations,2023,0.2682621859357201,0.7378306088951069,0.716,Personal Care and Service Occupations,2023,10.204081632653061,14.795918367346928,-2.2222222222222254,10.936227224657433,57656.0,10.573320140141856,41845.52272727273,103.43229070628242,137.78296037970827,49,10.204081632653061,34.69387755102041,6.122448979591836,6.122448979591836,8.16326530612245,0.0
PARENTAL_LEAVE,Personal Care and Service Occupations,2023,-10.626688495010216,189.7451728755929,0.955,Personal Care and Service Occupations,2023,10.204081632653061,14.795918367346928,-2.2222222222222254,10.936227224657433,57656.0,10.573320140141856,41845.52272727273,103.43229070628242,137.78296037970827,49,10.204081632653061,34.69387755102041,6.122448979591836,6.122448979591836,8.16326530612245,0.0
CULTURE,Personal Care and Service Occupations,2023,-1.2638398745088508,1.02590496070059,0.218,Personal Care and Service Occupations,2023,10.204081632653061,14.795918367346928,-2.2222222222222254,10.936227224657433,57656.0,10.573320140141856,41845.52272727273,103.43229070628242,137.78296037970827,49,10.204081632653061,34.69387755102041,6.122448979591836,6.122448979591836,8.16326530612245,0.0
wfh_wham,Personal Care and Service Occupations,2023,1.284975630787125,0.6310107052177605,0.042,Personal Care and Service Occupations,2023,10.204081632653061,14.795918367346928,-2.2222222222222254,10.936227224657433,57656.0,10.573320140141856,41845.52272727273,103.43229070628242,137.78296037970827,49,10.204081632653061,34.69387755102041,6.122448979591836,6.122448979591836,8.16326530612245,0.0
EDU_ASSISTANCE,Production Occupations,2019,0.6433791950014774,0.3507350593792178,0.067,Production Occupations,2019,15.384615384615385,-20.27972027972027,,11.120711517684796,75827.5,10.477388077804441,37581.431818181816,106.14011273709703,201.76852326130592,52,5.769230769230769,19.230769230769234,5.769230769230769,0.0,1.9230769230769231,2.0
WLB,Production Occupations,2019,-0.2898335215398901,0.2945353523483253,0.325,Production Occupations,2019,15.384615384615385,-20.27972027972027,,11.120711517684796,75827.5,10.477388077804441,37581.431818181816,106.14011273709703,201.76852326130592,52,5.769230769230769,19.230769230769234,5.769230769230769,0.0,1.9230769230769231,2.0
PAID_LEAVE,Production Occupations,2019,-0.4196228048996624,0.3173669759915046,0.186,Production Occupations,2019,15.384615384615385,-20.27972027972027,,11.120711517684796,75827.5,10.477388077804441,37581.431818181816,106.14011273709703,201.76852326130592,52,5.769230769230769,19.230769230769234,5.769230769230769,0.0,1.9230769230769231,2.0
HEALTH_WELLBEING,Production Occupations,2019,0.0493011975750056,0.5883006932650088,0.933,Production Occupations,2019,15.384615384615385,-20.27972027972027,,11.120711517684796,75827.5,10.477388077804441,37581.431818181816,106.14011273709703,201.76852326130592,52,5.769230769230769,19.230769230769234,5.769230769230769,0.0,1.9230769230769231,2.0
PARENTAL_LEAVE,Production Occupations,2019,-12.972774952328988,680.0865656455876,0.985,Production Occupations,2019,15.384615384615385,-20.27972027972027,,11.120711517684796,75827.5,10.477388077804441,37581.431818181816,106.14011273709703,201.76852326130592,52,5.769230769230769,19.230769230769234,5.769230769230769,0.0,1.9230769230769231,2.0
CULTURE,Production Occupations,2019,0.6824235716862379,0.3218961693241156,0.034,Production Occupations,2019,15.384615384615385,-20.27972027972027,,11.120711517684796,75827.5,10.477388077804441,37581.431818181816,106.14011273709703,201.76852326130592,52,5.769230769230769,19.230769230769234,5.769230769230769,0.0,1.9230769230769231,2.0
wfh_wham,Production Occupations,2019,-0.4187019655961711,0.7215209085940165,0.562,Production Occupations,2019,15.384615384615385,-20.27972027972027,,11.120711517684796,75827.5,10.477388077804441,37581.431818181816,106.14011273709703,201.76852326130592,52,5.769230769230769,19.230769230769234,5.769230769230769,0.0,1.9230769230769231,2.0
EDU_ASSISTANCE,Production Occupations,2021,0.1377201293731917,0.2541920602970378,0.588,Production Occupations,2021,27.722772277227726,127.94279427942796,-20.945945945945944,11.020525367303575,71896.96428571429,10.496301127017476,37548.98630136986,104.99437119745684,191.47511389166675,101,5.9405940594059405,38.613861386138616,1.9801980198019802,5.9405940594059405,6.9306930693069315,3.9603960396039604
WLB,Production Occupations,2021,-0.4464617965072341,0.1790504607124735,0.013,Production Occupations,2021,27.722772277227726,127.94279427942796,-20.945945945945944,11.020525367303575,71896.96428571429,10.496301127017476,37548.98630136986,104.99437119745684,191.47511389166675,101,5.9405940594059405,38.613861386138616,1.9801980198019802,5.9405940594059405,6.9306930693069315,3.9603960396039604
PAID_LEAVE,Production Occupations,2021,-0.4049788480327598,0.1791254911736604,0.024,Production Occupations,2021,27.722772277227726,127.94279427942796,-20.945945945945944,11.020525367303575,71896.96428571429,10.496301127017476,37548.98630136986,104.99437119745684,191.47511389166675,101,5.9405940594059405,38.613861386138616,1.9801980198019802,5.9405940594059405,6.9306930693069315,3.9603960396039604
HEALTH_WELLBEING,Production Occupations,2021,0.0660375891582638,0.3423450681188941,0.847,Production Occupations,2021,27.722772277227726,127.94279427942796,-20.945945945945944,11.020525367303575,71896.96428571429,10.496301127017476,37548.98630136986,104.99437119745684,191.47511389166675,101,5.9405940594059405,38.613861386138616,1.9801980198019802,5.9405940594059405,6.9306930693069315,3.9603960396039604
PARENTAL_LEAVE,Production Occupations,2021,0.4570355044491284,0.3446569209308343,0.185,Production Occupations,2021,27.722772277227726,127.94279427942796,-20.945945945945944,11.020525367303575,71896.96428571429,10.496301127017476,37548.98630136986,104.99437119745684,191.47511389166675,101,5.9405940594059405,38.613861386138616,1.9801980198019802,5.9405940594059405,6.9306930693069315,3.9603960396039604
CULTURE,Production Occupations,2021,0.907494103644568,0.1780002825200641,0.0,Production Occupations,2021,27.722772277227726,127.94279427942796,-20.945945945945944,11.020525367303575,71896.96428571429,10.496301127017476,37548.98630136986,104.99437119745684,191.47511389166675,101,5.9405940594059405,38.613861386138616,1.9801980198019802,5.9405940594059405,6.9306930693069315,3.9603960396039604
wfh_wham,Production Occupations,2021,0.8826984429678527,0.2131583039102179,0.0,Production Occupations,2021,27.722772277227726,127.94279427942796,-20.945945945945944,11.020525367303575,71896.96428571429,10.496301127017476,37548.98630136986,104.99437119745684,191.47511389166675,101,5.9405940594059405,38.613861386138616,1.9801980198019802,5.9405940594059405,6.9306930693069315,3.9603960396039604
EDU_ASSISTANCE,Production Occupations,2022,-0.1040075551565587,0.2074765252652349,0.616,Production Occupations,2022,23.14814814814815,-16.501322751322757,127.94279427942796,10.985059834366206,67028.4,10.63637937540764,43607.33734939759,103.2781874983206,153.70899503206186,108,12.962962962962962,41.66666666666667,5.555555555555555,5.555555555555555,10.185185185185185,10.185185185185185
WLB,Production Occupations,2022,-0.2721453811357507,0.1409015378608984,0.053,Production Occupations,2022,23.14814814814815,-16.501322751322757,127.94279427942796,10.985059834366206,67028.4,10.63637937540764,43607.33734939759,103.2781874983206,153.70899503206186,108,12.962962962962962,41.66666666666667,5.555555555555555,5.555555555555555,10.185185185185185,10.185185185185185
PAID_LEAVE,Production Occupations,2022,-0.2950607901489879,0.143182370853659,0.039,Production Occupations,2022,23.14814814814815,-16.501322751322757,127.94279427942796,10.985059834366206,67028.4,10.63637937540764,43607.33734939759,103.2781874983206,153.70899503206186,108,12.962962962962962,41.66666666666667,5.555555555555555,5.555555555555555,10.185185185185185,10.185185185185185
HEALTH_WELLBEING,Production Occupations,2022,0.0216683929466004,0.2674026574325374,0.935,Production Occupations,2022,23.14814814814815,-16.501322751322757,127.94279427942796,10.985059834366206,67028.4,10.63637937540764,43607.33734939759,103.2781874983206,153.70899503206186,108,12.962962962962962,41.66666666666667,5.555555555555555,5.555555555555555,10.185185185185185,10.185185185185185
PARENTAL_LEAVE,Production Occupations,2022,0.1303239303605801,0.2774238924125503,0.639,Production Occupations,2022,23.14814814814815,-16.501322751322757,127.94279427942796,10.985059834366206,67028.4,10.63637937540764,43607.33734939759,103.2781874983206,153.70899503206186,108,12.962962962962962,41.66666666666667,5.555555555555555,5.555555555555555,10.185185185185185,10.185185185185185
CULTURE,Production Occupations,2022,0.4656858552066011,0.160367602002904,0.004,Production Occupations,2022,23.14814814814815,-16.501322751322757,127.94279427942796,10.985059834366206,67028.4,10.63637937540764,43607.33734939759,103.2781874983206,153.70899503206186,108,12.962962962962962,41.66666666666667,5.555555555555555,5.555555555555555,10.185185185185185,10.185185185185185
wfh_wham,Production Occupations,2022,1.3065035176857436,0.16251672393526,0.0,Production Occupations,2022,23.14814814814815,-16.501322751322757,127.94279427942796,10.985059834366206,67028.4,10.63637937540764,43607.33734939759,103.2781874983206,153.70899503206186,108,12.962962962962962,41.66666666666667,5.555555555555555,5.555555555555555,10.185185185185185,10.185185185185185
EDU_ASSISTANCE,Production Occupations,2020,1.0272477092906318,0.2667699011450072,0.0,Production Occupations,2020,12.162162162162163,-20.945945945945944,-20.27972027972027,10.800519705327435,59941.333333333336,10.482904893263903,40629.52307692308,103.02983586417562,147.53147168340516,74,5.405405405405405,22.972972972972975,2.7027027027027026,1.3513513513513513,2.7027027027027026,4.477611940298507
WLB,Production Occupations,2020,-0.1446376290932731,0.2365306900728551,0.541,Production Occupations,2020,12.162162162162163,-20.945945945945944,-20.27972027972027,10.800519705327435,59941.333333333336,10.482904893263903,40629.52307692308,103.02983586417562,147.53147168340516,74,5.405405405405405,22.972972972972975,2.7027027027027026,1.3513513513513513,2.7027027027027026,4.477611940298507
PAID_LEAVE,Production Occupations,2020,-0.1092515737198112,0.2367243083143144,0.644,Production Occupations,2020,12.162162162162163,-20.945945945945944,-20.27972027972027,10.800519705327435,59941.333333333336,10.482904893263903,40629.52307692308,103.02983586417562,147.53147168340516,74,5.405405405405405,22.972972972972975,2.7027027027027026,1.3513513513513513,2.7027027027027026,4.477611940298507
HEALTH_WELLBEING,Production Occupations,2020,0.199598138260405,0.5178733111401168,0.7,Production Occupations,2020,12.162162162162163,-20.945945945945944,-20.27972027972027,10.800519705327435,59941.333333333336,10.482904893263903,40629.52307692308,103.02983586417562,147.53147168340516,74,5.405405405405405,22.972972972972975,2.7027027027027026,1.3513513513513513,2.7027027027027026,4.477611940298507
PARENTAL_LEAVE,Production Occupations,2020,-18.144972351047542,6097.057469157583,0.998,Production Occupations,2020,12.162162162162163,-20.945945945945944,-20.27972027972027,10.800519705327435,59941.333333333336,10.482904893263903,40629.52307692308,103.02983586417562,147.53147168340516,74,5.405405405405405,22.972972972972975,2.7027027027027026,1.3513513513513513,2.7027027027027026,4.477611940298507
CULTURE,Production Occupations,2020,0.1990260998548385,0.3700336787733604,0.591,Production Occupations,2020,12.162162162162163,-20.945945945945944,-20.27972027972027,10.800519705327435,59941.333333333336,10.482904893263903,40629.52307692308,103.02983586417562,147.53147168340516,74,5.405405405405405,22.972972972972975,2.7027027027027026,1.3513513513513513,2.7027027027027026,4.477611940298507
wfh_wham,Production Occupations,2020,0.4950634200276067,0.3408777248971296,0.146,Production Occupations,2020,12.162162162162163,-20.945945945945944,-20.27972027972027,10.800519705327435,59941.333333333336,10.482904893263903,40629.52307692308,103.02983586417562,147.53147168340516,74,5.405405405405405,22.972972972972975,2.7027027027027026,1.3513513513513513,2.7027027027027026,4.477611940298507
EDU_ASSISTANCE,Production Occupations,2018,0.9262094665045468,0.3352225663677096,0.006,Production Occupations,2018,19.298245614035086,,,10.704084702083804,53650.90909090909,10.468003985630242,38871.608695652176,102.25526009330564,138.0208097662549,57,1.7543859649122806,7.017543859649122,3.508771929824561,0.0,3.508771929824561,
WLB,Production Occupations,2018,-0.1936876362596906,0.3321021502445305,0.56,Production Occupations,2018,19.298245614035086,,,10.704084702083804,53650.90909090909,10.468003985630242,38871.608695652176,102.25526009330564,138.0208097662549,57,1.7543859649122806,7.017543859649122,3.508771929824561,0.0,3.508771929824561,
PAID_LEAVE,Production Occupations,2018,-0.1517284523710401,0.3322068023946626,0.648,Production Occupations,2018,19.298245614035086,,,10.704084702083804,53650.90909090909,10.468003985630242,38871.608695652176,102.25526009330564,138.0208097662549,57,1.7543859649122806,7.017543859649122,3.508771929824561,0.0,3.508771929824561,
HEALTH_WELLBEING,Production Occupations,2018,0.7349687973749132,0.5127192504329809,0.152,Production Occupations,2018,19.298245614035086,,,10.704084702083804,53650.90909090909,10.468003985630242,38871.608695652176,102.25526009330564,138.0208097662549,57,1.7543859649122806,7.017543859649122,3.508771929824561,0.0,3.508771929824561,
PARENTAL_LEAVE,Production Occupations,2018,1.4933290843715632,0.7589194937771048,0.049,Production Occupations,2018,19.298245614035086,,,10.704084702083804,53650.90909090909,10.468003985630242,38871.608695652176,102.25526009330564,138.0208097662549,57,1.7543859649122806,7.017543859649122,3.508771929824561,0.0,3.508771929824561,
CULTURE,Production Occupations,2018,0.4942879120561216,0.3967702648193299,0.213,Production Occupations,2018,19.298245614035086,,,10.704084702083804,53650.90909090909,10.468003985630242,38871.608695652176,102.25526009330564,138.0208097662549,57,1.7543859649122806,7.017543859649122,3.508771929824561,0.0,3.508771929824561,
EDU_ASSISTANCE,Production Occupations,2023,0.3361899847045669,0.1891337960399577,0.075,Production Occupations,2023,27.131782945736433,17.209302325581376,-16.501322751322757,11.067720491678667,72756.5142857143,10.713029013445254,47908.744680851065,103.3108421324003,151.86478955019413,129,13.953488372093023,48.06201550387597,3.10077519379845,6.2015503875969,10.852713178294573,6.976744186046512
WLB,Production Occupations,2023,-0.2760485000402138,0.1502939698511864,0.066,Production Occupations,2023,27.131782945736433,17.209302325581376,-16.501322751322757,11.067720491678667,72756.5142857143,10.713029013445254,47908.744680851065,103.3108421324003,151.86478955019413,129,13.953488372093023,48.06201550387597,3.10077519379845,6.2015503875969,10.852713178294573,6.976744186046512
PAID_LEAVE,Production Occupations,2023,-0.3278135410280542,0.1533498156249881,0.033,Production Occupations,2023,27.131782945736433,17.209302325581376,-16.501322751322757,11.067720491678667,72756.5142857143,10.713029013445254,47908.744680851065,103.3108421324003,151.86478955019413,129,13.953488372093023,48.06201550387597,3.10077519379845,6.2015503875969,10.852713178294573,6.976744186046512
HEALTH_WELLBEING,Production Occupations,2023,-0.1452772282544815,0.3119999676034785,0.641,Production Occupations,2023,27.131782945736433,17.209302325581376,-16.501322751322757,11.067720491678667,72756.5142857143,10.713029013445254,47908.744680851065,103.3108421324003,151.86478955019413,129,13.953488372093023,48.06201550387597,3.10077519379845,6.2015503875969,10.852713178294573,6.976744186046512
PARENTAL_LEAVE,Production Occupations,2023,-0.1812064249502284,0.3130930211171147,0.563,Production Occupations,2023,27.131782945736433,17.209302325581376,-16.501322751322757,11.067720491678667,72756.5142857143,10.713029013445254,47908.744680851065,103.3108421324003,151.86478955019413,129,13.953488372093023,48.06201550387597,3.10077519379845,6.2015503875969,10.852713178294573,6.976744186046512
CULTURE,Production Occupations,2023,0.6700353396749072,0.1729515442947828,0.0,Production Occupations,2023,27.131782945736433,17.209302325581376,-16.501322751322757,11.067720491678667,72756.5142857143,10.713029013445254,47908.744680851065,103.3108421324003,151.86478955019413,129,13.953488372093023,48.06201550387597,3.10077519379845,6.2015503875969,10.852713178294573,6.976744186046512
wfh_wham,Production Occupations,2023,0.69973849280787,0.2285261410105878,0.002,Production Occupations,2023,27.131782945736433,17.209302325581376,-16.501322751322757,11.067720491678667,72756.5142857143,10.713029013445254,47908.744680851065,103.3108421324003,151.86478955019413,129,13.953488372093023,48.06201550387597,3.10077519379845,6.2015503875969,10.852713178294573,6.976744186046512
EDU_ASSISTANCE,Sales and Related Occupations,2019,-1.3818533828394592,0.356495733606378,0.0,Sales and Related Occupations,2019,16.312056737588655,-16.808510638297868,,11.395550939644322,97660.21739130435,10.852002809237078,64088.4406779661,105.00873562200503,152.3835130925262,141,5.673758865248227,19.858156028368796,2.127659574468085,0.7092198581560284,6.382978723404255,16.78832116788321
WLB,Sales and Related Occupations,2019,-0.4328870394800337,0.1337569921646407,0.001,Sales and Related Occupations,2019,16.312056737588655,-16.808510638297868,,11.395550939644322,97660.21739130435,10.852002809237078,64088.4406779661,105.00873562200503,152.3835130925262,141,5.673758865248227,19.858156028368796,2.127659574468085,0.7092198581560284,6.382978723404255,16.78832116788321
PAID_LEAVE,Sales and Related Occupations,2019,-0.4449653285427068,0.1398989171186439,0.001,Sales and Related Occupations,2019,16.312056737588655,-16.808510638297868,,11.395550939644322,97660.21739130435,10.852002809237078,64088.4406779661,105.00873562200503,152.3835130925262,141,5.673758865248227,19.858156028368796,2.127659574468085,0.7092198581560284,6.382978723404255,16.78832116788321
HEALTH_WELLBEING,Sales and Related Occupations,2019,-0.0774181320716214,0.271844726967184,0.776,Sales and Related Occupations,2019,16.312056737588655,-16.808510638297868,,11.395550939644322,97660.21739130435,10.852002809237078,64088.4406779661,105.00873562200503,152.3835130925262,141,5.673758865248227,19.858156028368796,2.127659574468085,0.7092198581560284,6.382978723404255,16.78832116788321
PARENTAL_LEAVE,Sales and Related Occupations,2019,-0.0179278412037914,0.3580766736853811,0.96,Sales and Related Occupations,2019,16.312056737588655,-16.808510638297868,,11.395550939644322,97660.21739130435,10.852002809237078,64088.4406779661,105.00873562200503,152.3835130925262,141,5.673758865248227,19.858156028368796,2.127659574468085,0.7092198581560284,6.382978723404255,16.78832116788321
CULTURE,Sales and Related Occupations,2019,0.3691402196968629,0.1282914683445154,0.004,Sales and Related Occupations,2019,16.312056737588655,-16.808510638297868,,11.395550939644322,97660.21739130435,10.852002809237078,64088.4406779661,105.00873562200503,152.3835130925262,141,5.673758865248227,19.858156028368796,2.127659574468085,0.7092198581560284,6.382978723404255,16.78832116788321
wfh_wham,Sales and Related Occupations,2019,0.6324778116667353,0.116816192516731,0.0,Sales and Related Occupations,2019,16.312056737588655,-16.808510638297868,,11.395550939644322,97660.21739130435,10.852002809237078,64088.4406779661,105.00873562200503,152.3835130925262,141,5.673758865248227,19.858156028368796,2.127659574468085,0.7092198581560284,6.382978723404255,16.78832116788321
EDU_ASSISTANCE,Sales and Related Occupations,2021,-0.8392050807784188,0.1928552082744454,0.0,Sales and Related Occupations,2021,21.011673151750973,52.08449138410225,-15.303203661327236,11.147914800014185,79201.35185185185,10.795577461238468,57697.08374384236,103.26371924096496,137.27097924651088,257,10.505836575875486,41.63424124513619,4.280155642023346,5.447470817120623,7.782101167315175,24.609375
WLB,Sales and Related Occupations,2021,-0.2927194062498495,0.0835610563059383,0.0,Sales and Related Occupations,2021,21.011673151750973,52.08449138410225,-15.303203661327236,11.147914800014185,79201.35185185185,10.795577461238468,57697.08374384236,103.26371924096496,137.27097924651088,257,10.505836575875486,41.63424124513619,4.280155642023346,5.447470817120623,7.782101167315175,24.609375
PAID_LEAVE,Sales and Related Occupations,2021,-0.4286167158210721,0.0900910694820518,0.0,Sales and Related Occupations,2021,21.011673151750973,52.08449138410225,-15.303203661327236,11.147914800014185,79201.35185185185,10.795577461238468,57697.08374384236,103.26371924096496,137.27097924651088,257,10.505836575875486,41.63424124513619,4.280155642023346,5.447470817120623,7.782101167315175,24.609375
HEALTH_WELLBEING,Sales and Related Occupations,2021,-0.2151802567629205,0.1844510939845485,0.243,Sales and Related Occupations,2021,21.011673151750973,52.08449138410225,-15.303203661327236,11.147914800014185,79201.35185185185,10.795577461238468,57697.08374384236,103.26371924096496,137.27097924651088,257,10.505836575875486,41.63424124513619,4.280155642023346,5.447470817120623,7.782101167315175,24.609375
PARENTAL_LEAVE,Sales and Related Occupations,2021,0.3484689706538653,0.1582788003964745,0.028,Sales and Related Occupations,2021,21.011673151750973,52.08449138410225,-15.303203661327236,11.147914800014185,79201.35185185185,10.795577461238468,57697.08374384236,103.26371924096496,137.27097924651088,257,10.505836575875486,41.63424124513619,4.280155642023346,5.447470817120623,7.782101167315175,24.609375
CULTURE,Sales and Related Occupations,2021,0.3467916689992618,0.0920368032453012,0.0,Sales and Related Occupations,2021,21.011673151750973,52.08449138410225,-15.303203661327236,11.147914800014185,79201.35185185185,10.795577461238468,57697.08374384236,103.26371924096496,137.27097924651088,257,10.505836575875486,41.63424124513619,4.280155642023346,5.447470817120623,7.782101167315175,24.609375
wfh_wham,Sales and Related Occupations,2021,0.9586826967173282,0.075845222467819,0.0,Sales and Related Occupations,2021,21.011673151750973,52.08449138410225,-15.303203661327236,11.147914800014185,79201.35185185185,10.795577461238468,57697.08374384236,103.26371924096496,137.27097924651088,257,10.505836575875486,41.63424124513619,4.280155642023346,5.447470817120623,7.782101167315175,24.609375
EDU_ASSISTANCE,Sales and Related Occupations,2022,-0.4095523980146057,0.1403128565367656,0.004,Sales and Related Occupations,2022,33.088235294117645,57.475490196078425,52.08449138410225,11.433269958996377,107067.84444444445,10.766662368582542,55621.52747252747,106.19140424017581,192.49353498486226,272,9.926470588235293,41.544117647058826,4.411764705882353,6.25,14.338235294117647,20.817843866171003
WLB,Sales and Related Occupations,2022,-0.2760174575007695,0.0773816990873643,0.0,Sales and Related Occupations,2022,33.088235294117645,57.475490196078425,52.08449138410225,11.433269958996377,107067.84444444445,10.766662368582542,55621.52747252747,106.19140424017581,192.49353498486226,272,9.926470588235293,41.544117647058826,4.411764705882353,6.25,14.338235294117647,20.817843866171003
PAID_LEAVE,Sales and Related Occupations,2022,-0.346723608723861,0.0811692389138313,0.0,Sales and Related Occupations,2022,33.088235294117645,57.475490196078425,52.08449138410225,11.433269958996377,107067.84444444445,10.766662368582542,55621.52747252747,106.19140424017581,192.49353498486226,272,9.926470588235293,41.544117647058826,4.411764705882353,6.25,14.338235294117647,20.817843866171003
HEALTH_WELLBEING,Sales and Related Occupations,2022,0.2013638915237357,0.139637241817313,0.149,Sales and Related Occupations,2022,33.088235294117645,57.475490196078425,52.08449138410225,11.433269958996377,107067.84444444445,10.766662368582542,55621.52747252747,106.19140424017581,192.49353498486226,272,9.926470588235293,41.544117647058826,4.411764705882353,6.25,14.338235294117647,20.817843866171003
PARENTAL_LEAVE,Sales and Related Occupations,2022,0.7611610905344373,0.1051985508449382,0.0,Sales and Related Occupations,2022,33.088235294117645,57.475490196078425,52.08449138410225,11.433269958996377,107067.84444444445,10.766662368582542,55621.52747252747,106.19140424017581,192.49353498486226,272,9.926470588235293,41.544117647058826,4.411764705882353,6.25,14.338235294117647,20.817843866171003
CULTURE,Sales and Related Occupations,2022,0.4865687071302507,0.0787841228642479,0.0,Sales and Related Occupations,2022,33.088235294117645,57.475490196078425,52.08449138410225,11.433269958996377,107067.84444444445,10.766662368582542,55621.52747252747,106.19140424017581,192.49353498486226,272,9.926470588235293,41.544117647058826,4.411764705882353,6.25,14.338235294117647,20.817843866171003
wfh_wham,Sales and Related Occupations,2022,0.859988082737919,0.07633491547915,0.0,Sales and Related Occupations,2022,33.088235294117645,57.475490196078425,52.08449138410225,11.433269958996377,107067.84444444445,10.766662368582542,55621.52747252747,106.19140424017581,192.49353498486226,272,9.926470588235293,41.544117647058826,4.411764705882353,6.25,14.338235294117647,20.817843866171003
EDU_ASSISTANCE,Sales and Related Occupations,2020,-1.6829526137617383,0.410892319196489,0.0,Sales and Related Occupations,2020,13.815789473684212,-15.303203661327236,-16.808510638297868,11.330523674735463,110421.23809523809,10.761230263058538,58170.32824427481,105.2902260964642,189.82399004445344,152,4.605263157894736,29.605263157894733,2.631578947368421,5.263157894736842,2.631578947368421,18.79194630872483
WLB,Sales and Related Occupations,2020,-0.4203291864786205,0.1159792693053082,0.0,Sales and Related Occupations,2020,13.815789473684212,-15.303203661327236,-16.808510638297868,11.330523674735463,110421.23809523809,10.761230263058538,58170.32824427481,105.2902260964642,189.82399004445344,152,4.605263157894736,29.605263157894733,2.631578947368421,5.263157894736842,2.631578947368421,18.79194630872483
PAID_LEAVE,Sales and Related Occupations,2020,-0.6390878629096778,0.1294404252995568,0.0,Sales and Related Occupations,2020,13.815789473684212,-15.303203661327236,-16.808510638297868,11.330523674735463,110421.23809523809,10.761230263058538,58170.32824427481,105.2902260964642,189.82399004445344,152,4.605263157894736,29.605263157894733,2.631578947368421,5.263157894736842,2.631578947368421,18.79194630872483
HEALTH_WELLBEING,Sales and Related Occupations,2020,0.2220399447356665,0.2193814450015971,0.311,Sales and Related Occupations,2020,13.815789473684212,-15.303203661327236,-16.808510638297868,11.330523674735463,110421.23809523809,10.761230263058538,58170.32824427481,105.2902260964642,189.82399004445344,152,4.605263157894736,29.605263157894733,2.631578947368421,5.263157894736842,2.631578947368421,18.79194630872483
PARENTAL_LEAVE,Sales and Related Occupations,2020,0.6106931809789834,0.2301770192384627,0.008,Sales and Related Occupations,2020,13.815789473684212,-15.303203661327236,-16.808510638297868,11.330523674735463,110421.23809523809,10.761230263058538,58170.32824427481,105.2902260964642,189.82399004445344,152,4.605263157894736,29.605263157894733,2.631578947368421,5.263157894736842,2.631578947368421,18.79194630872483
CULTURE,Sales and Related Occupations,2020,0.662312309286975,0.1112157511296497,0.0,Sales and Related Occupations,2020,13.815789473684212,-15.303203661327236,-16.808510638297868,11.330523674735463,110421.23809523809,10.761230263058538,58170.32824427481,105.2902260964642,189.82399004445344,152,4.605263157894736,29.605263157894733,2.631578947368421,5.263157894736842,2.631578947368421,18.79194630872483
wfh_wham,Sales and Related Occupations,2020,0.5518851096364921,0.1003398252933572,0.0,Sales and Related Occupations,2020,13.815789473684212,-15.303203661327236,-16.808510638297868,11.330523674735463,110421.23809523809,10.761230263058538,58170.32824427481,105.2902260964642,189.82399004445344,152,4.605263157894736,29.605263157894733,2.631578947368421,5.263157894736842,2.631578947368421,18.79194630872483
EDU_ASSISTANCE,Sales and Related Occupations,2018,-1.15933556164677,0.3370884171976371,0.001,Sales and Related Occupations,2018,19.607843137254903,,,11.482271964608492,114337.7,10.869864638884739,63240.89024390244,105.63399219832958,180.7971069968045,102,14.705882352941178,28.431372549019606,3.9215686274509802,0.0,8.823529411764707,
WLB,Sales and Related Occupations,2018,-0.2036325064184632,0.150025659644142,0.175,Sales and Related Occupations,2018,19.607843137254903,,,11.482271964608492,114337.7,10.869864638884739,63240.89024390244,105.63399219832958,180.7971069968045,102,14.705882352941178,28.431372549019606,3.9215686274509802,0.0,8.823529411764707,
PAID_LEAVE,Sales and Related Occupations,2018,-0.2546572788959234,0.1589132963454738,0.109,Sales and Related Occupations,2018,19.607843137254903,,,11.482271964608492,114337.7,10.869864638884739,63240.89024390244,105.63399219832958,180.7971069968045,102,14.705882352941178,28.431372549019606,3.9215686274509802,0.0,8.823529411764707,
HEALTH_WELLBEING,Sales and Related Occupations,2018,-0.765452801153595,0.450421399774065,0.089,Sales and Related Occupations,2018,19.607843137254903,,,11.482271964608492,114337.7,10.869864638884739,63240.89024390244,105.63399219832958,180.7971069968045,102,14.705882352941178,28.431372549019606,3.9215686274509802,0.0,8.823529411764707,
PARENTAL_LEAVE,Sales and Related Occupations,2018,-0.2315865834687258,0.5812644932533346,0.69,Sales and Related Occupations,2018,19.607843137254903,,,11.482271964608492,114337.7,10.869864638884739,63240.89024390244,105.63399219832958,180.7971069968045,102,14.705882352941178,28.431372549019606,3.9215686274509802,0.0,8.823529411764707,
CULTURE,Sales and Related Occupations,2018,0.1197666856654766,0.1731063119552582,0.489,Sales and Related Occupations,2018,19.607843137254903,,,11.482271964608492,114337.7,10.869864638884739,63240.89024390244,105.63399219832958,180.7971069968045,102,14.705882352941178,28.431372549019606,3.9215686274509802,0.0,8.823529411764707,
EDU_ASSISTANCE,Sales and Related Occupations,2023,-0.5706950922578028,0.163362440761221,0.0,Sales and Related Occupations,2023,28.342245989304814,-14.343434343434335,57.475490196078425,11.59752664777029,121277.93396226416,10.781784872491887,54849.14179104478,107.5659251684723,221.11181688911165,374,10.16042780748663,44.919786096256686,5.614973262032086,12.032085561497325,21.65775401069519,20.10723860589812
WLB,Sales and Related Occupations,2023,-0.2317684461762022,0.0866329866839836,0.007,Sales and Related Occupations,2023,28.342245989304814,-14.343434343434335,57.475490196078425,11.59752664777029,121277.93396226416,10.781784872491887,54849.14179104478,107.5659251684723,221.11181688911165,374,10.16042780748663,44.919786096256686,5.614973262032086,12.032085561497325,21.65775401069519,20.10723860589812
PAID_LEAVE,Sales and Related Occupations,2023,-0.2469261756359222,0.0880321297201448,0.005,Sales and Related Occupations,2023,28.342245989304814,-14.343434343434335,57.475490196078425,11.59752664777029,121277.93396226416,10.781784872491887,54849.14179104478,107.5659251684723,221.11181688911165,374,10.16042780748663,44.919786096256686,5.614973262032086,12.032085561497325,21.65775401069519,20.10723860589812
HEALTH_WELLBEING,Sales and Related Occupations,2023,-0.4881538529160625,0.1859684687998611,0.009,Sales and Related Occupations,2023,28.342245989304814,-14.343434343434335,57.475490196078425,11.59752664777029,121277.93396226416,10.781784872491887,54849.14179104478,107.5659251684723,221.11181688911165,374,10.16042780748663,44.919786096256686,5.614973262032086,12.032085561497325,21.65775401069519,20.10723860589812
PARENTAL_LEAVE,Sales and Related Occupations,2023,0.568690263763898,0.1103879378696798,0.0,Sales and Related Occupations,2023,28.342245989304814,-14.343434343434335,57.475490196078425,11.59752664777029,121277.93396226416,10.781784872491887,54849.14179104478,107.5659251684723,221.11181688911165,374,10.16042780748663,44.919786096256686,5.614973262032086,12.032085561497325,21.65775401069519,20.10723860589812
CULTURE,Sales and Related Occupations,2023,0.5467056044142375,0.0917341036224715,0.0,Sales and Related Occupations,2023,28.342245989304814,-14.343434343434335,57.475490196078425,11.59752664777029,121277.93396226416,10.781784872491887,54849.14179104478,107.5659251684723,221.11181688911165,374,10.16042780748663,44.919786096256686,5.614973262032086,12.032085561497325,21.65775401069519,20.10723860589812
wfh_wham,Sales and Related Occupations,2023,1.248345324995277,0.0923795614226958,0.0,Sales and Related Occupations,2023,28.342245989304814,-14.343434343434335,57.475490196078425,11.59752664777029,121277.93396226416,10.781784872491887,54849.14179104478,107.5659251684723,221.11181688911165,374,10.16042780748663,44.919786096256686,5.614973262032086,12.032085561497325,21.65775401069519,20.10723860589812
EDU_ASSISTANCE,Transportation and Material Moving Occupations,2019,-14.053172976887597,826.3249872743604,0.986,Transportation and Material Moving Occupations,2019,1.8518518518518516,92.59259259259255,,10.986413270401894,60127.5,10.58756711003005,44315.45283018868,103.76711813230443,135.68066252284757,108,4.62962962962963,21.296296296296298,5.555555555555555,0.0,1.8518518518518516,0.9615384615384616
WLB,Transportation and Material Moving Occupations,2019,-0.5939133444920305,0.5368116345098709,0.269,Transportation and Material Moving Occupations,2019,1.8518518518518516,92.59259259259255,,10.986413270401894,60127.5,10.58756711003005,44315.45283018868,103.76711813230443,135.68066252284757,108,4.62962962962963,21.296296296296298,5.555555555555555,0.0,1.8518518518518516,0.9615384615384616
PAID_LEAVE,Transportation and Material Moving Occupations,2019,-0.5540214411164347,0.5369126099882997,0.302,Transportation and Material Moving Occupations,2019,1.8518518518518516,92.59259259259255,,10.986413270401894,60127.5,10.58756711003005,44315.45283018868,103.76711813230443,135.68066252284757,108,4.62962962962963,21.296296296296298,5.555555555555555,0.0,1.8518518518518516,0.9615384615384616
HEALTH_WELLBEING,Transportation and Material Moving Occupations,2019,0.1879986684687445,1.0209637436868764,0.854,Transportation and Material Moving Occupations,2019,1.8518518518518516,92.59259259259255,,10.986413270401894,60127.5,10.58756711003005,44315.45283018868,103.76711813230443,135.68066252284757,108,4.62962962962963,21.296296296296298,5.555555555555555,0.0,1.8518518518518516,0.9615384615384616
PARENTAL_LEAVE,Transportation and Material Moving Occupations,2019,-15.807313958286722,6008.574957574038,0.998,Transportation and Material Moving Occupations,2019,1.8518518518518516,92.59259259259255,,10.986413270401894,60127.5,10.58756711003005,44315.45283018868,103.76711813230443,135.68066252284757,108,4.62962962962963,21.296296296296298,5.555555555555555,0.0,1.8518518518518516,0.9615384615384616
CULTURE,Transportation and Material Moving Occupations,2019,0.1977014423709546,1.021270865335599,0.847,Transportation and Material Moving Occupations,2019,1.8518518518518516,92.59259259259255,,10.986413270401894,60127.5,10.58756711003005,44315.45283018868,103.76711813230443,135.68066252284757,108,4.62962962962963,21.296296296296298,5.555555555555555,0.0,1.8518518518518516,0.9615384615384616
wfh_wham,Transportation and Material Moving Occupations,2019,-18.205487999576206,17234.76455044988,0.999,Transportation and Material Moving Occupations,2019,1.8518518518518516,92.59259259259255,,10.986413270401894,60127.5,10.58756711003005,44315.45283018868,103.76711813230443,135.68066252284757,108,4.62962962962963,21.296296296296298,5.555555555555555,0.0,1.8518518518518516,0.9615384615384616
EDU_ASSISTANCE,Transportation and Material Moving Occupations,2021,,,,Transportation and Material Moving Occupations,2021,2.6548672566371683,19.469026548672574,20.000000000000018,10.87046160287892,64642.666666666664,10.659289510077171,46575.62727272727,101.98110852137106,138.7907591413561,226,4.867256637168142,39.823008849557525,6.637168141592921,2.2123893805309733,1.3274336283185841,0.4484304932735426
WLB,Transportation and Material Moving Occupations,2021,-1.4878810548502577,0.2868629648895084,0.0,Transportation and Material Moving Occupations,2021,2.6548672566371683,19.469026548672574,20.000000000000018,10.87046160287892,64642.666666666664,10.659289510077171,46575.62727272727,101.98110852137106,138.7907591413561,226,4.867256637168142,39.823008849557525,6.637168141592921,2.2123893805309733,1.3274336283185841,0.4484304932735426
PAID_LEAVE,Transportation and Material Moving Occupations,2021,-1.5579258921618695,0.296124633159676,0.0,Transportation and Material Moving Occupations,2021,2.6548672566371683,19.469026548672574,20.000000000000018,10.87046160287892,64642.666666666664,10.659289510077171,46575.62727272727,101.98110852137106,138.7907591413561,226,4.867256637168142,39.823008849557525,6.637168141592921,2.2123893805309733,1.3274336283185841,0.4484304932735426
HEALTH_WELLBEING,Transportation and Material Moving Occupations,2021,,,,Transportation and Material Moving Occupations,2021,2.6548672566371683,19.469026548672574,20.000000000000018,10.87046160287892,64642.666666666664,10.659289510077171,46575.62727272727,101.98110852137106,138.7907591413561,226,4.867256637168142,39.823008849557525,6.637168141592921,2.2123893805309733,1.3274336283185841,0.4484304932735426
PARENTAL_LEAVE,Transportation and Material Moving Occupations,2021,-0.2230159236764498,0.4289382299887397,0.603,Transportation and Material Moving Occupations,2021,2.6548672566371683,19.469026548672574,20.000000000000018,10.87046160287892,64642.666666666664,10.659289510077171,46575.62727272727,101.98110852137106,138.7907591413561,226,4.867256637168142,39.823008849557525,6.637168141592921,2.2123893805309733,1.3274336283185841,0.4484304932735426
CULTURE,Transportation and Material Moving Occupations,2021,1.845892400778034,0.207550172478735,0.0,Transportation and Material Moving Occupations,2021,2.6548672566371683,19.469026548672574,20.000000000000018,10.87046160287892,64642.666666666664,10.659289510077171,46575.62727272727,101.98110852137106,138.7907591413561,226,4.867256637168142,39.823008849557525,6.637168141592921,2.2123893805309733,1.3274336283185841,0.4484304932735426
wfh_wham,Transportation and Material Moving Occupations,2021,0.533100740446289,0.5270708028276737,0.312,Transportation and Material Moving Occupations,2021,2.6548672566371683,19.469026548672574,20.000000000000018,10.87046160287892,64642.666666666664,10.659289510077171,46575.62727272727,101.98110852137106,138.7907591413561,226,4.867256637168142,39.823008849557525,6.637168141592921,2.2123893805309733,1.3274336283185841,0.4484304932735426
EDU_ASSISTANCE,Transportation and Material Moving Occupations,2022,-0.4876167405414647,0.3703531869598289,0.188,Transportation and Material Moving Occupations,2022,6.1946902654867255,133.33333333333331,19.469026548672574,10.687693332352358,53153.92857142857,10.646363205411674,44945.32547169811,100.38820887605708,118.26353021939819,226,5.3097345132743365,44.690265486725664,4.867256637168142,4.867256637168142,5.752212389380531,1.3333333333333335
WLB,Transportation and Material Moving Occupations,2022,-0.5226234515685958,0.2154747957504558,0.015,Transportation and Material Moving Occupations,2022,6.1946902654867255,133.33333333333331,19.469026548672574,10.687693332352358,53153.92857142857,10.646363205411674,44945.32547169811,100.38820887605708,118.26353021939819,226,5.3097345132743365,44.690265486725664,4.867256637168142,4.867256637168142,5.752212389380531,1.3333333333333335
PAID_LEAVE,Transportation and Material Moving Occupations,2022,-0.5986893538296051,0.2207759257246402,0.007,Transportation and Material Moving Occupations,2022,6.1946902654867255,133.33333333333331,19.469026548672574,10.687693332352358,53153.92857142857,10.646363205411674,44945.32547169811,100.38820887605708,118.26353021939819,226,5.3097345132743365,44.690265486725664,4.867256637168142,4.867256637168142,5.752212389380531,1.3333333333333335
HEALTH_WELLBEING,Transportation and Material Moving Occupations,2022,-0.2144569633879643,0.4589478754675308,0.64,Transportation and Material Moving Occupations,2022,6.1946902654867255,133.33333333333331,19.469026548672574,10.687693332352358,53153.92857142857,10.646363205411674,44945.32547169811,100.38820887605708,118.26353021939819,226,5.3097345132743365,44.690265486725664,4.867256637168142,4.867256637168142,5.752212389380531,1.3333333333333335
PARENTAL_LEAVE,Transportation and Material Moving Occupations,2022,0.4274682455050513,0.3049720396988887,0.161,Transportation and Material Moving Occupations,2022,6.1946902654867255,133.33333333333331,19.469026548672574,10.687693332352358,53153.92857142857,10.646363205411674,44945.32547169811,100.38820887605708,118.26353021939819,226,5.3097345132743365,44.690265486725664,4.867256637168142,4.867256637168142,5.752212389380531,1.3333333333333335
CULTURE,Transportation and Material Moving Occupations,2022,1.3519894829475048,0.2088251048112909,0.0,Transportation and Material Moving Occupations,2022,6.1946902654867255,133.33333333333331,19.469026548672574,10.687693332352358,53153.92857142857,10.646363205411674,44945.32547169811,100.38820887605708,118.26353021939819,226,5.3097345132743365,44.690265486725664,4.867256637168142,4.867256637168142,5.752212389380531,1.3333333333333335
wfh_wham,Transportation and Material Moving Occupations,2022,1.8834198094542192,0.2992358962863685,0.0,Transportation and Material Moving Occupations,2022,6.1946902654867255,133.33333333333331,19.469026548672574,10.687693332352358,53153.92857142857,10.646363205411674,44945.32547169811,100.38820887605708,118.26353021939819,226,5.3097345132743365,44.690265486725664,4.867256637168142,4.867256637168142,5.752212389380531,1.3333333333333335
EDU_ASSISTANCE,Transportation and Material Moving Occupations,2020,-0.0119332312812687,0.729112304046435,0.987,Transportation and Material Moving Occupations,2020,2.2222222222222223,20.000000000000018,92.59259259259255,10.383448974376195,33592.0,10.580424310608828,42472.05,98.13830399944236,79.09201463079837,225,7.555555555555555,40.0,9.333333333333334,1.7777777777777777,0.0,0.47393364928909953
WLB,Transportation and Material Moving Occupations,2020,-0.4662387040457824,0.400911443481566,0.245,Transportation and Material Moving Occupations,2020,2.2222222222222223,20.000000000000018,92.59259259259255,10.383448974376195,33592.0,10.580424310608828,42472.05,98.13830399944236,79.09201463079837,225,7.555555555555555,40.0,9.333333333333334,1.7777777777777777,0.0,0.47393364928909953
PAID_LEAVE,Transportation and Material Moving Occupations,2020,-0.6101279429245947,0.4216419071053194,0.148,Transportation and Material Moving Occupations,2020,2.2222222222222223,20.000000000000018,92.59259259259255,10.383448974376195,33592.0,10.580424310608828,42472.05,98.13830399944236,79.09201463079837,225,7.555555555555555,40.0,9.333333333333334,1.7777777777777777,0.0,0.47393364928909953
HEALTH_WELLBEING,Transportation and Material Moving Occupations,2020,-0.7725260816947535,1.0234340291016766,0.45,Transportation and Material Moving Occupations,2020,2.2222222222222223,20.000000000000018,92.59259259259255,10.383448974376195,33592.0,10.580424310608828,42472.05,98.13830399944236,79.09201463079837,225,7.555555555555555,40.0,9.333333333333334,1.7777777777777777,0.0,0.47393364928909953
PARENTAL_LEAVE,Transportation and Material Moving Occupations,2020,0.5441369511063447,1.0164745290364428,0.592,Transportation and Material Moving Occupations,2020,2.2222222222222223,20.000000000000018,92.59259259259255,10.383448974376195,33592.0,10.580424310608828,42472.05,98.13830399944236,79.09201463079837,225,7.555555555555555,40.0,9.333333333333334,1.7777777777777777,0.0,0.47393364928909953
CULTURE,Transportation and Material Moving Occupations,2020,0.5485875224296433,0.7351809466444404,0.456,Transportation and Material Moving Occupations,2020,2.2222222222222223,20.000000000000018,92.59259259259255,10.383448974376195,33592.0,10.580424310608828,42472.05,98.13830399944236,79.09201463079837,225,7.555555555555555,40.0,9.333333333333334,1.7777777777777777,0.0,0.47393364928909953
wfh_wham,Transportation and Material Moving Occupations,2020,-11.442226884022066,437.5772583327392,0.979,Transportation and Material Moving Occupations,2020,2.2222222222222223,20.000000000000018,92.59259259259255,10.383448974376195,33592.0,10.580424310608828,42472.05,98.13830399944236,79.09201463079837,225,7.555555555555555,40.0,9.333333333333334,1.7777777777777777,0.0,0.47393364928909953
EDU_ASSISTANCE,Transportation and Material Moving Occupations,2018,0.1823275263726556,0.6010779584007185,0.762,Transportation and Material Moving Occupations,2018,0.9615384615384616,,,10.185654444299798,26520.0,10.70916301409803,50888.31067961165,95.11158277160352,52.11412924859621,104,9.615384615384617,30.76923076923077,1.9230769230769231,0.0,0.9615384615384616,
WLB,Transportation and Material Moving Occupations,2018,-0.9959163651283583,0.5266783042302636,0.059,Transportation and Material Moving Occupations,2018,0.9615384615384616,,,10.185654444299798,26520.0,10.70916301409803,50888.31067961165,95.11158277160352,52.11412924859621,104,9.615384615384617,30.76923076923077,1.9230769230769231,0.0,0.9615384615384616,
PAID_LEAVE,Transportation and Material Moving Occupations,2018,-0.9678393854457008,0.5266832983886652,0.066,Transportation and Material Moving Occupations,2018,0.9615384615384616,,,10.185654444299798,26520.0,10.70916301409803,50888.31067961165,95.11158277160352,52.11412924859621,104,9.615384615384617,30.76923076923077,1.9230769230769231,0.0,0.9615384615384616,
HEALTH_WELLBEING,Transportation and Material Moving Occupations,2018,-9.138414670787943,80.61183534473297,0.91,Transportation and Material Moving Occupations,2018,0.9615384615384616,,,10.185654444299798,26520.0,10.70916301409803,50888.31067961165,95.11158277160352,52.11412924859621,104,9.615384615384617,30.76923076923077,1.9230769230769231,0.0,0.9615384615384616,
PARENTAL_LEAVE,Transportation and Material Moving Occupations,2018,2.31686790813114,1.03666486928357,0.025,Transportation and Material Moving Occupations,2018,0.9615384615384616,,,10.185654444299798,26520.0,10.70916301409803,50888.31067961165,95.11158277160352,52.11412924859621,104,9.615384615384617,30.76923076923077,1.9230769230769231,0.0,0.9615384615384616,
CULTURE,Transportation and Material Moving Occupations,2018,0.825758993981458,0.7379967251910475,0.263,Transportation and Material Moving Occupations,2018,0.9615384615384616,,,10.185654444299798,26520.0,10.70916301409803,50888.31067961165,95.11158277160352,52.11412924859621,104,9.615384615384617,30.76923076923077,1.9230769230769231,0.0,0.9615384615384616,
EDU_ASSISTANCE,Transportation and Material Moving Occupations,2023,-0.2487362148940022,0.3664585055969879,0.497,Transportation and Material Moving Occupations,2023,7.281553398058252,17.545076282940354,133.33333333333331,10.911690486706737,59932.333333333336,10.727245402368508,49245.09947643979,101.71940770831536,121.70212664918387,206,9.70873786407767,46.116504854368934,7.281553398058252,4.854368932038835,8.25242718446602,0.9803921568627451
WLB,Transportation and Material Moving Occupations,2023,-0.6036897624037324,0.243283931519483,0.013,Transportation and Material Moving Occupations,2023,7.281553398058252,17.545076282940354,133.33333333333331,10.911690486706737,59932.333333333336,10.727245402368508,49245.09947643979,101.71940770831536,121.70212664918387,206,9.70873786407767,46.116504854368934,7.281553398058252,4.854368932038835,8.25242718446602,0.9803921568627451
PAID_LEAVE,Transportation and Material Moving Occupations,2023,-0.5853086521261325,0.2433340033305135,0.016,Transportation and Material Moving Occupations,2023,7.281553398058252,17.545076282940354,133.33333333333331,10.911690486706737,59932.333333333336,10.727245402368508,49245.09947643979,101.71940770831536,121.70212664918387,206,9.70873786407767,46.116504854368934,7.281553398058252,4.854368932038835,8.25242718446602,0.9803921568627451
HEALTH_WELLBEING,Transportation and Material Moving Occupations,2023,-0.3162412965834547,0.4656711102355053,0.497,Transportation and Material Moving Occupations,2023,7.281553398058252,17.545076282940354,133.33333333333331,10.911690486706737,59932.333333333336,10.727245402368508,49245.09947643979,101.71940770831536,121.70212664918387,206,9.70873786407767,46.116504854368934,7.281553398058252,4.854368932038835,8.25242718446602,0.9803921568627451
PARENTAL_LEAVE,Transportation and Material Moving Occupations,2023,-0.8264581086136689,0.5292668400828908,0.118,Transportation and Material Moving Occupations,2023,7.281553398058252,17.545076282940354,133.33333333333331,10.911690486706737,59932.333333333336,10.727245402368508,49245.09947643979,101.71940770831536,121.70212664918387,206,9.70873786407767,46.116504854368934,7.281553398058252,4.854368932038835,8.25242718446602,0.9803921568627451
CULTURE,Transportation and Material Moving Occupations,2023,1.0394709902431896,0.2682580886939698,0.0,Transportation and Material Moving Occupations,2023,7.281553398058252,17.545076282940354,133.33333333333331,10.911690486706737,59932.333333333336,10.727245402368508,49245.09947643979,101.71940770831536,121.70212664918387,206,9.70873786407767,46.116504854368934,7.281553398058252,4.854368932038835,8.25242718446602,0.9803921568627451
wfh_wham,Transportation and Material Moving Occupations,2023,0.5972954201860597,0.5495207620050522,0.277,Transportation and Material Moving Occupations,2023,7.281553398058252,17.545076282940354,133.33333333333331,10.911690486706737,59932.333333333336,10.727245402368508,49245.09947643979,101.71940770831536,121.70212664918387,206,9.70873786407767,46.116504854368934,7.281553398058252,4.854368932038835,8.25242718446602,0.9803921568627451
